"","Genotype","Block","Wind.Exposure","Plant.Position","plant_code","Dead.","Black.Ants","Red.ants","Spiders.black.with.yellow.legs","Spiders.Other","leaf_hoppers_blue_brown","Leaf.Hoppers.Camo","Light.Green.Aphids","stem_gall","volcano_gall","mite_gall","yellow_knife_leaf_hopper","twisty_gall","giant_willow_aphid","psyllidae","sawflies","LH.nymph.other","aphid_species_used_in_ant_aphid_experiment"
"1","I",1,"Exposed",1,"Exposed_1_1",0,0,0,0,0,0,0,0,0,0,0,0,0,0,0,0,0,0
"2","W",1,"Exposed",2,"Exposed_1_2",0,0,0,0,1,0,0,0,0,0,0,0,0,0,0,0,0,0
"3","F",1,"Exposed",3,"Exposed_1_3",0,0,0,0,0,0,0,0,0,0,0,0,0,0,0,0,0,0
"4","L",1,"Exposed",4,"Exposed_1_4",0,0,0,0,0,0,0,0,0,0,0,0,0,0,0,0,0,0
"5","T",1,"Exposed",5,"Exposed_1_5",0,0,0,0,0,0,0,11,0,0,0,0,0,0,0,0,0,0
"6","X",1,"Exposed",6,"Exposed_1_6",0,0,0,0,0,0,0,0,0,0,0,0,0,0,0,0,0,0
"7","J",1,"Exposed",7,"Exposed_1_7",0,0,0,0,0,0,0,0,0,0,0,0,0,0,0,0,0,0
"8","S",1,"Exposed",8,"Exposed_1_8",0,0,0,0,0,0,0,0,0,0,0,0,0,0,0,0,0,0
"9","U",1,"Exposed",9,"Exposed_1_9",0,0,0,0,0,0,0,24,0,0,0,0,0,0,0,0,0,0
"10","G",1,"Exposed",10,"Exposed_1_10",0,0,0,0,0,0,0,7,0,0,0,0,0,0,0,0,0,0
"11","W",1,"Unexposed",1,"Unexposed_1_1",0,0,0,0,0,0,0,4,0,0,0,0,0,0,0,0,0,0
"12","F",1,"Unexposed",2,"Unexposed_1_2",0,0,0,0,0,0,0,0,0,0,0,0,0,0,0,0,0,0
"13","I",1,"Unexposed",3,"Unexposed_1_3",0,0,0,0,0,0,0,0,0,0,0,0,0,0,0,0,0,0
"14","L",1,"Unexposed",4,"Unexposed_1_4",0,0,0,0,0,0,0,0,0,0,0,0,0,0,0,0,0,0
"15","T",1,"Unexposed",5,"Unexposed_1_5",0,0,0,0,0,0,0,2,0,0,0,0,0,0,0,0,0,0
"16","X",1,"Unexposed",6,"Unexposed_1_6",0,0,0,1,0,0,0,22,0,0,0,0,0,0,0,0,0,0
"17","S",1,"Unexposed",7,"Unexposed_1_7",0,0,0,0,0,0,0,6,0,0,0,0,0,0,0,0,0,0
"18","U",1,"Unexposed",8,"Unexposed_1_8",0,0,0,0,0,0,0,0,0,0,0,0,0,0,0,0,0,0
"19","J",1,"Unexposed",9,"Unexposed_1_9",0,0,0,0,0,0,0,0,0,0,0,0,0,0,0,0,0,0
"20","G",1,"Unexposed",10,"Unexposed_1_10",0,0,0,0,0,0,0,0,0,0,0,0,0,0,0,0,0,0
"21","W",2,"Exposed",1,"Exposed_2_1",0,0,0,0,0,0,0,0,0,0,0,0,0,0,0,0,0,0
"22","F",2,"Exposed",2,"Exposed_2_2",0,0,0,0,0,0,0,0,0,0,0,0,0,0,0,0,0,0
"23","I",2,"Exposed",3,"Exposed_2_3",0,0,0,0,0,0,0,0,0,0,0,0,0,0,0,0,0,0
"24","L",2,"Exposed",4,"Exposed_2_4",0,0,0,0,0,0,0,0,0,0,0,0,0,0,0,0,0,0
"25","T",2,"Exposed",5,"Exposed_2_5",0,0,0,0,0,0,0,0,0,0,0,0,0,0,0,0,0,0
"26","X",2,"Exposed",6,"Exposed_2_6",1,0,0,0,0,0,0,0,0,0,0,0,0,0,0,0,0,0
"27","S",2,"Exposed",7,"Exposed_2_7",0,0,0,0,0,0,0,0,0,0,0,0,0,0,0,0,0,0
"28","U",2,"Exposed",8,"Exposed_2_8",0,0,0,0,0,0,0,4,0,0,0,0,0,0,0,0,0,0
"29","J",2,"Exposed",9,"Exposed_2_9",0,0,0,0,0,0,0,0,0,0,0,0,0,0,0,0,0,0
"30","G",2,"Exposed",10,"Exposed_2_10",1,0,0,0,0,0,0,0,0,0,0,0,0,0,0,0,0,0
"31","W",2,"Unexposed",1,"Unexposed_2_1",1,0,0,1,0,0,0,0,0,0,0,0,0,0,0,0,0,0
"32","I",2,"Unexposed",2,"Unexposed_2_2",0,0,0,1,0,0,0,0,0,0,0,0,0,0,0,0,0,0
"33","F",2,"Unexposed",3,"Unexposed_2_3",0,0,0,0,0,0,0,0,0,0,0,0,0,0,0,0,0,0
"34","L",2,"Unexposed",4,"Unexposed_2_4",0,0,0,0,0,1,0,0,0,0,0,0,0,0,0,0,0,0
"35","X",2,"Unexposed",5,"Unexposed_2_5",0,0,0,0,0,0,0,0,0,0,0,0,0,0,0,0,0,0
"36","S",2,"Unexposed",6,"Unexposed_2_6",1,0,0,0,0,0,0,0,0,0,0,0,0,0,0,0,0,0
"37","U",2,"Unexposed",7,"Unexposed_2_7",0,0,0,0,0,0,0,0,0,0,0,0,0,0,0,0,0,0
"38","T",2,"Unexposed",8,"Unexposed_2_8",0,0,0,0,0,0,0,0,0,0,0,0,0,0,0,0,0,0
"39","J",2,"Unexposed",9,"Unexposed_2_9",0,0,0,0,0,0,0,0,0,0,0,0,0,0,0,0,0,0
"40","G",2,"Unexposed",10,"Unexposed_2_10",0,0,0,0,0,0,0,0,0,0,0,0,0,0,0,0,0,0
"41","W",3,"Exposed",1,"Exposed_3_1",0,0,0,0,0,0,0,0,0,0,0,0,0,0,0,0,0,0
"42","F",3,"Exposed",2,"Exposed_3_2",0,0,0,0,0,0,0,0,0,0,0,0,0,0,0,0,0,0
"43","L",3,"Exposed",3,"Exposed_3_3",0,0,0,0,0,0,0,3,0,0,0,0,0,0,0,0,0,0
"44","I",3,"Exposed",4,"Exposed_3_4",0,0,0,0,0,0,0,6,0,0,0,0,2,0,0,0,0,0
"45","U",3,"Exposed",5,"Exposed_3_5",0,0,0,0,0,0,0,1,0,0,0,0,0,0,0,0,0,0
"46","X",3,"Exposed",6,"Exposed_3_6",0,0,0,0,0,0,0,0,0,0,0,0,0,0,0,0,0,0
"47","S",3,"Exposed",7,"Exposed_3_7",1,0,0,0,0,0,0,0,0,0,0,0,0,0,0,0,0,0
"48","J",3,"Exposed",8,"Exposed_3_8",0,0,0,0,0,0,0,0,0,0,0,0,0,0,0,0,0,0
"49","T",3,"Exposed",9,"Exposed_3_9",0,0,0,0,0,0,0,0,0,0,0,0,0,0,0,0,0,0
"50","G",3,"Exposed",10,"Exposed_3_10",0,0,0,0,0,0,0,0,0,0,0,0,0,0,0,0,0,0
"51","W",3,"Unexposed",1,"Unexposed_3_1",0,0,0,0,0,0,0,0,0,0,0,1,0,0,0,0,0,1
"52","F",3,"Unexposed",2,"Unexposed_3_2",0,0,0,0,0,0,0,0,0,0,0,0,0,0,0,0,0,0
"53","L",3,"Unexposed",3,"Unexposed_3_3",0,0,0,1,0,0,0,0,0,0,0,0,0,0,0,0,0,0
"54","I",3,"Unexposed",4,"Unexposed_3_4",0,0,0,0,0,0,0,0,0,0,0,0,0,0,0,0,0,0
"55","S",3,"Unexposed",5,"Unexposed_3_5",0,0,0,0,0,0,0,1,0,0,0,0,0,0,0,0,0,0
"56","U",3,"Unexposed",6,"Unexposed_3_6",0,0,0,2,1,0,0,0,0,0,0,0,0,0,0,0,0,0
"57","X",3,"Unexposed",7,"Unexposed_3_7",0,0,0,0,0,0,0,0,0,1,0,0,0,0,0,0,0,0
"58","J",3,"Unexposed",8,"Unexposed_3_8",1,0,0,0,0,0,0,0,0,0,0,0,0,0,0,0,0,0
"59","T",3,"Unexposed",9,"Unexposed_3_9",0,0,0,0,0,0,0,0,0,0,0,0,0,0,0,0,0,0
"60","G",3,"Unexposed",10,"Unexposed_3_10",0,0,0,0,0,0,0,0,0,0,0,0,0,0,0,0,0,0
"61","W",4,"Exposed",1,"Exposed_4_1",0,0,0,0,0,0,0,0,0,0,0,0,0,0,0,0,0,0
"62","F",4,"Exposed",2,"Exposed_4_2",0,0,0,0,0,0,0,0,0,0,0,0,0,0,1,0,0,0
"63","L",4,"Exposed",3,"Exposed_4_3",0,0,0,0,0,0,0,0,0,0,0,0,0,0,0,0,0,0
"64","S",4,"Exposed",4,"Exposed_4_4",0,0,0,0,0,0,0,37,0,0,0,0,0,0,0,0,0,0
"65","I",4,"Exposed",5,"Exposed_4_5",0,0,0,0,0,0,0,0,0,0,0,0,0,0,0,0,0,0
"66","J",4,"Exposed",6,"Exposed_4_6",0,0,0,0,0,0,0,0,0,0,0,0,0,0,0,0,0,0
"67","X",4,"Exposed",7,"Exposed_4_7",0,0,0,0,0,0,0,20,0,0,0,0,0,0,0,0,0,0
"68","U",4,"Exposed",8,"Exposed_4_8",0,0,0,0,0,0,0,0,0,0,0,0,0,0,0,0,0,0
"69","T",4,"Exposed",9,"Exposed_4_9",0,0,0,0,0,0,0,0,0,0,0,0,0,0,0,0,0,0
"70","G",4,"Exposed",10,"Exposed_4_10",0,0,0,0,0,0,0,0,0,0,0,0,0,0,0,0,0,0
"71","F",4,"Unexposed",1,"Unexposed_4_1",0,1,0,0,0,0,0,1,0,0,0,0,0,0,0,0,0,0
"72","W",4,"Unexposed",2,"Unexposed_4_2",0,1,0,0,0,0,0,3,0,0,0,0,0,0,0,0,0,0
"73","L",4,"Unexposed",3,"Unexposed_4_3",0,0,0,0,0,0,0,0,0,0,0,0,0,0,0,1,0,0
"74","J",4,"Unexposed",4,"Unexposed_4_4",0,0,0,0,0,0,0,0,0,0,0,0,0,0,0,0,0,0
"75","I",4,"Unexposed",5,"Unexposed_4_5",0,0,0,0,0,0,0,0,0,0,0,0,0,0,0,0,0,0
"76","X",4,"Unexposed",6,"Unexposed_4_6",0,0,0,0,0,0,0,0,0,0,0,0,0,0,0,0,0,0
"77","U",4,"Unexposed",7,"Unexposed_4_7",0,0,0,0,1,0,0,0,0,0,0,0,0,0,0,0,0,0
"78","T",4,"Unexposed",8,"Unexposed_4_8",0,0,0,0,0,0,0,0,0,0,0,0,0,0,0,0,0,0
"79","S",4,"Unexposed",9,"Unexposed_4_9",0,0,0,0,0,1,0,0,0,0,0,0,0,0,0,0,0,0
"80","G",4,"Unexposed",10,"Unexposed_4_10",0,0,0,0,0,0,0,0,0,0,0,0,0,0,0,0,0,0
"81","W",5,"Exposed",1,"Exposed_5_1",0,0,0,0,0,0,0,2,0,0,0,0,0,0,0,0,0,0
"82","F",5,"Exposed",2,"Exposed_5_2",0,0,0,0,0,0,0,0,0,0,0,0,0,0,0,0,0,0
"83","L",5,"Exposed",3,"Exposed_5_3",0,0,0,0,1,0,0,0,0,0,0,0,0,0,0,0,0,0
"84","U",5,"Exposed",4,"Exposed_5_4",0,0,0,0,0,0,0,1,0,0,0,0,0,0,0,0,0,0
"85","X",5,"Exposed",5,"Exposed_5_5",0,0,0,0,0,0,0,0,0,0,0,0,0,0,0,0,0,0
"86","J",5,"Exposed",6,"Exposed_5_6",0,0,0,0,0,0,0,0,0,0,0,0,0,0,0,0,0,0
"87","S",5,"Exposed",7,"Exposed_5_7",0,0,0,0,0,0,0,0,0,0,0,0,0,1,0,0,0,0
"88","T",5,"Exposed",8,"Exposed_5_8",0,0,0,0,0,0,0,0,0,0,0,0,0,0,0,0,0,0
"89","I",5,"Exposed",9,"Exposed_5_9",0,0,0,0,0,0,0,0,0,0,0,0,0,0,0,0,0,0
"90","G",5,"Exposed",10,"Exposed_5_10",1,0,0,0,0,0,0,0,0,0,0,0,0,0,0,0,0,0
"91","W",5,"Unexposed",1,"Unexposed_5_1",0,0,0,0,0,0,0,0,0,0,0,1,0,0,0,0,0,0
"92","F",5,"Unexposed",2,"Unexposed_5_2",0,0,0,0,0,0,0,0,0,0,0,0,0,0,0,1,0,0
"93","U",5,"Unexposed",3,"Unexposed_5_3",0,0,0,0,0,0,0,0,0,0,0,0,0,0,0,1,0,0
"94","J",5,"Unexposed",4,"Unexposed_5_4",0,0,0,0,0,0,0,3,0,0,0,0,0,0,0,0,0,0
"95","X",5,"Unexposed",5,"Unexposed_5_5",0,0,0,0,0,0,0,0,0,0,0,0,0,0,1,0,0,0
"96","L",5,"Unexposed",6,"Unexposed_5_6",0,0,0,0,0,0,0,7,0,0,0,0,0,0,0,0,0,0
"97","S",5,"Unexposed",7,"Unexposed_5_7",0,0,0,0,0,0,0,0,0,0,0,0,0,0,0,0,0,0
"98","T",5,"Unexposed",8,"Unexposed_5_8",0,0,0,0,0,0,0,2,1,0,0,0,0,0,0,1,0,0
"99","I",5,"Unexposed",9,"Unexposed_5_9",0,0,0,0,0,0,0,3,0,0,0,0,0,0,0,0,0,0
"100","G",5,"Unexposed",10,"Unexposed_5_10",0,0,0,0,0,0,0,2,0,0,0,0,0,0,0,0,0,0
"101","W",6,"Exposed",1,"Exposed_6_1",0,0,0,0,1,0,0,0,0,0,0,0,0,0,0,0,0,0
"102","F",6,"Exposed",2,"Exposed_6_2",0,0,0,0,0,0,0,0,0,0,0,0,0,0,0,0,0,0
"103","L",6,"Exposed",3,"Exposed_6_3",0,0,0,0,0,0,0,0,0,0,0,0,0,0,0,0,0,0
"104","J",6,"Exposed",4,"Exposed_6_4",0,0,0,0,0,0,0,0,0,0,0,0,0,0,0,0,0,0
"105","U",6,"Exposed",5,"Exposed_6_5",0,0,0,0,0,0,0,0,0,0,0,0,0,0,0,0,0,0
"106","X",6,"Exposed",6,"Exposed_6_6",0,0,0,0,0,0,0,0,0,0,0,0,0,0,0,0,0,0
"107","T",6,"Exposed",7,"Exposed_6_7",0,0,0,0,0,0,0,0,0,0,0,0,0,0,0,0,0,0
"108","S",6,"Exposed",8,"Exposed_6_8",0,0,0,0,0,0,0,0,0,0,0,0,0,0,0,0,0,0
"109","I",6,"Exposed",9,"Exposed_6_9",1,0,0,0,0,0,0,0,0,0,0,0,0,0,0,0,0,0
"110","G",6,"Exposed",10,"Exposed_6_10",0,0,0,0,0,0,0,0,0,0,0,0,0,0,0,0,0,0
"111","F",6,"Unexposed",1,"Unexposed_6_1",0,0,0,0,0,0,0,7,0,0,0,0,0,0,0,0,0,0
"112","W",6,"Unexposed",2,"Unexposed_6_2",0,0,0,0,0,0,0,0,0,0,0,0,0,0,0,0,0,0
"113","U",6,"Unexposed",3,"Unexposed_6_3",1,0,0,0,0,0,0,0,0,0,0,0,0,0,0,0,0,0
"114","J",6,"Unexposed",4,"Unexposed_6_4",0,0,0,0,0,0,0,0,0,0,0,0,0,0,0,0,0,0
"115","L",6,"Unexposed",5,"Unexposed_6_5",0,0,0,0,1,0,0,0,0,0,0,0,0,0,0,0,0,0
"116","T",6,"Unexposed",6,"Unexposed_6_6",0,0,0,1,0,0,0,3,0,0,0,0,0,0,0,0,0,0
"117","X",6,"Unexposed",7,"Unexposed_6_7",1,0,0,0,0,0,0,0,0,0,0,0,0,0,0,0,0,0
"118","S",6,"Unexposed",8,"Unexposed_6_8",0,0,0,0,0,0,0,3,0,0,0,0,0,0,0,0,0,0
"119","I",6,"Unexposed",9,"Unexposed_6_9",0,0,0,0,0,0,0,0,0,0,0,0,0,0,0,0,0,0
"120","G",6,"Unexposed",10,"Unexposed_6_10",0,0,0,0,0,0,0,0,0,0,0,0,0,0,0,0,0,0
"121","W",7,"Exposed",1,"Exposed_7_1",0,0,0,0,0,0,0,1,0,0,0,0,0,0,0,0,0,0
"122","F",7,"Exposed",2,"Exposed_7_2",0,0,0,0,0,0,0,0,0,0,0,0,0,0,0,0,0,0
"123","U",7,"Exposed",3,"Exposed_7_3",0,1,0,0,0,0,0,0,0,0,0,0,0,0,0,0,0,0
"124","L",7,"Exposed",4,"Exposed_7_4",0,0,0,1,0,0,0,3,0,0,0,0,0,0,0,0,0,0
"125","J",7,"Exposed",5,"Exposed_7_5",0,0,0,0,0,0,0,0,0,0,0,0,0,0,0,0,0,0
"126","S",7,"Exposed",6,"Exposed_7_6",1,0,0,0,0,0,0,0,0,0,0,0,0,0,0,0,0,0
"127","T",7,"Exposed",7,"Exposed_7_7",0,0,0,0,0,0,0,0,0,0,0,0,0,0,0,0,0,0
"128","X",7,"Exposed",8,"Exposed_7_8",0,0,0,0,0,0,0,0,0,0,0,0,0,0,0,0,0,0
"129","I",7,"Exposed",9,"Exposed_7_9",0,0,0,0,0,0,0,0,0,0,0,0,0,0,0,0,0,0
"130","G",7,"Exposed",10,"Exposed_7_10",1,0,0,0,0,0,0,0,0,0,0,0,0,0,0,0,0,0
"131","W",7,"Unexposed",1,"Unexposed_7_1",0,0,0,0,0,0,0,0,0,0,0,0,0,0,0,0,0,0
"132","F",7,"Unexposed",2,"Unexposed_7_2",0,0,0,0,0,0,0,0,0,0,0,0,0,0,0,0,0,0
"133","J",7,"Unexposed",3,"Unexposed_7_3",0,0,0,0,0,0,0,0,0,0,0,0,0,0,0,0,0,0
"134","S",7,"Unexposed",4,"Unexposed_7_4",1,0,0,0,0,0,0,0,0,0,0,0,0,0,0,0,0,0
"135","L",7,"Unexposed",5,"Unexposed_7_5",0,0,0,0,0,0,0,0,0,0,0,0,0,0,0,0,0,0
"136","U",7,"Unexposed",6,"Unexposed_7_6",0,0,0,0,0,0,0,0,0,0,0,0,0,0,0,0,0,0
"137","T",7,"Unexposed",7,"Unexposed_7_7",0,0,0,0,0,0,0,2,0,0,0,0,0,0,0,0,0,0
"138","X",7,"Unexposed",8,"Unexposed_7_8",0,0,0,1,0,0,0,0,0,0,0,0,0,0,0,0,0,0
"139","I",7,"Unexposed",9,"Unexposed_7_9",0,0,0,0,0,0,0,0,0,0,0,0,0,0,0,0,0,0
"140","G",7,"Unexposed",10,"Unexposed_7_10",0,0,0,0,0,0,0,0,0,0,0,0,0,0,0,0,0,0
"141","F",8,"Exposed",1,"Exposed_8_1",0,0,0,0,1,0,0,18,0,0,0,0,0,0,0,0,0,0
"142","W",8,"Exposed",2,"Exposed_8_2",0,0,0,0,0,0,0,13,0,0,0,0,0,0,0,0,0,0
"143","J",8,"Exposed",3,"Exposed_8_3",0,0,0,0,0,0,0,0,0,0,0,0,0,0,0,0,0,0
"144","S",8,"Exposed",4,"Exposed_8_4",0,0,0,0,0,0,0,4,0,0,0,0,0,0,0,0,0,0
"145","T",8,"Exposed",5,"Exposed_8_5",0,0,0,0,0,0,0,0,0,0,0,0,0,0,0,0,0,0
"146","U",8,"Exposed",6,"Exposed_8_6",1,0,0,0,0,0,0,0,0,0,0,0,0,0,0,0,0,0
"147","L",8,"Exposed",7,"Exposed_8_7",0,0,0,0,0,0,0,0,0,0,0,0,0,0,0,0,0,0
"148","I",8,"Exposed",8,"Exposed_8_8",0,0,0,0,1,0,0,4,0,0,0,0,0,0,0,0,0,0
"149","X",8,"Exposed",9,"Exposed_8_9",0,0,0,0,0,0,0,0,0,0,0,0,0,0,0,0,0,0
"150","G",8,"Exposed",10,"Exposed_8_10",0,0,0,0,0,0,0,0,0,0,0,0,0,0,0,0,0,0
"151","W",8,"Unexposed",1,"Unexposed_8_1",0,0,0,0,0,0,0,0,0,0,0,0,0,0,0,0,0,0
"152","J",8,"Unexposed",2,"Unexposed_8_2",0,0,0,0,0,0,0,0,0,0,0,0,0,0,0,0,0,0
"153","F",8,"Unexposed",3,"Unexposed_8_3",0,0,0,0,0,0,0,0,0,0,11,0,0,0,0,0,0,0
"154","L",8,"Unexposed",4,"Unexposed_8_4",0,0,0,0,0,0,0,0,0,2,0,0,0,0,0,0,0,0
"155","T",8,"Unexposed",5,"Unexposed_8_5",0,0,0,0,0,0,0,0,0,0,0,0,0,0,0,0,0,0
"156","G",8,"Unexposed",6,"Unexposed_8_6",0,0,0,0,0,0,0,0,0,0,0,0,0,0,0,0,0,0
"157","U",8,"Unexposed",7,"Unexposed_8_7",0,0,0,0,0,0,0,0,0,0,0,0,0,0,0,0,0,0
"158","S",8,"Unexposed",8,"Unexposed_8_8",0,0,0,0,0,0,0,0,0,0,0,0,0,0,0,0,0,0
"159","I",8,"Unexposed",9,"Unexposed_8_9",0,0,0,0,0,0,0,0,0,0,0,0,0,0,0,0,0,0
"160","X",8,"Unexposed",10,"Unexposed_8_10",0,0,0,0,0,0,0,0,0,0,0,0,0,0,0,0,0,0
"161","W",9,"Exposed",1,"Exposed_9_1",0,0,0,0,0,0,0,0,0,0,0,0,0,0,0,0,0,0
"162","J",9,"Exposed",2,"Exposed_9_2",0,0,0,0,0,0,0,0,0,0,0,0,0,0,0,0,0,0
"163","F",9,"Exposed",3,"Exposed_9_3",0,0,0,0,0,0,0,0,0,0,0,0,0,0,0,0,0,0
"164","L",9,"Exposed",4,"Exposed_9_4",0,0,0,0,0,0,0,0,0,0,0,0,0,0,0,0,0,0
"165","G",9,"Exposed",5,"Exposed_9_5",0,0,0,0,0,0,0,0,0,0,0,0,0,0,0,0,0,0
"166","T",9,"Exposed",6,"Exposed_9_6",0,0,0,0,0,0,0,0,0,0,0,0,0,0,0,0,0,0
"167","I",9,"Exposed",7,"Exposed_9_7",0,0,0,0,0,0,0,0,0,0,0,0,0,0,0,0,0,0
"168","X",9,"Exposed",8,"Exposed_9_8",0,0,0,0,0,0,0,0,0,0,0,0,1,0,0,0,0,0
"169","S",9,"Exposed",9,"Exposed_9_9",0,0,0,0,0,0,0,0,0,0,0,0,0,0,0,0,0,0
"170","U",9,"Exposed",10,"Exposed_9_10",0,0,0,0,0,0,0,0,0,0,0,0,0,0,0,0,0,0
"171","J",9,"Unexposed",1,"Unexposed_9_1",0,0,0,0,0,0,0,0,0,0,0,0,0,0,0,0,0,0
"172","W",9,"Unexposed",2,"Unexposed_9_2",0,0,0,0,0,0,0,0,0,0,0,0,0,0,0,0,0,0
"173","F",9,"Unexposed",3,"Unexposed_9_3",0,0,0,0,0,0,0,0,0,0,0,0,0,0,0,0,0,0
"174","L",9,"Unexposed",4,"Unexposed_9_4",0,0,0,0,0,0,0,0,0,0,0,0,0,0,0,0,0,0
"175","G",9,"Unexposed",5,"Unexposed_9_5",0,0,0,0,1,0,0,0,0,0,0,0,0,0,0,0,0,0
"176","T",9,"Unexposed",6,"Unexposed_9_6",0,0,0,0,1,0,0,0,0,0,0,0,0,0,0,0,0,0
"177","S",9,"Unexposed",7,"Unexposed_9_7",0,0,0,0,0,0,0,0,0,0,0,0,0,0,0,0,0,0
"178","X",9,"Unexposed",8,"Unexposed_9_8",0,0,0,0,0,0,0,0,0,0,0,0,0,0,0,0,0,0
"179","I",9,"Unexposed",9,"Unexposed_9_9",0,0,0,0,0,0,0,0,0,0,0,0,0,0,0,0,0,0
"180","U",9,"Unexposed",10,"Unexposed_9_10",0,0,0,0,0,0,0,0,0,0,0,0,0,0,0,0,0,0
"181","J",10,"Exposed",1,"Exposed_10_1",0,0,0,0,0,0,0,0,0,0,0,0,0,0,0,0,0,0
"182","W",10,"Exposed",2,"Exposed_10_2",0,0,0,0,0,0,0,2,0,0,0,0,0,0,0,0,0,0
"183","F",10,"Exposed",3,"Exposed_10_3",0,0,0,0,0,0,0,0,0,0,0,0,0,0,0,0,0,0
"184","G",10,"Exposed",4,"Exposed_10_4",0,0,0,0,0,0,0,0,0,0,0,0,0,0,0,0,0,0
"185","T",10,"Exposed",5,"Exposed_10_5",0,0,0,0,0,0,0,4,0,0,0,0,0,0,0,0,0,0
"186","I",10,"Exposed",6,"Exposed_10_6",0,0,0,0,0,0,0,7,0,0,0,0,0,0,0,0,0,0
"187","L",10,"Exposed",7,"Exposed_10_7",0,0,0,0,0,0,0,0,0,0,0,0,0,0,0,0,0,0
"188","S",10,"Exposed",8,"Exposed_10_8",0,0,0,0,0,0,0,0,0,0,0,0,0,0,0,0,0,0
"189","U",10,"Exposed",9,"Exposed_10_9",0,0,0,0,0,0,0,0,0,0,0,0,0,0,0,0,0,0
"190","X",10,"Exposed",10,"Exposed_10_10",0,0,0,0,0,0,0,0,0,0,0,0,0,0,0,0,0,0
"191","J",10,"Unexposed",1,"Unexposed_10_1",0,0,0,0,0,0,0,0,0,0,0,0,0,0,0,0,0,0
"192","W",10,"Unexposed",2,"Unexposed_10_2",0,0,0,1,0,0,0,1,0,0,0,1,0,0,0,0,0,0
"193","F",10,"Unexposed",3,"Unexposed_10_3",0,0,0,0,0,0,0,0,0,0,0,0,0,0,0,0,0,0
"194","G",10,"Unexposed",4,"Unexposed_10_4",0,0,0,0,0,0,0,0,0,0,0,0,0,0,0,0,0,0
"195","T",10,"Unexposed",5,"Unexposed_10_5",0,0,0,0,0,0,0,0,0,0,0,0,0,0,0,1,0,0
"196","I",10,"Unexposed",6,"Unexposed_10_6",0,0,0,0,0,0,0,0,0,0,0,0,1,0,0,0,0,0
"197","L",10,"Unexposed",7,"Unexposed_10_7",0,0,0,0,0,0,0,0,0,0,0,0,0,0,0,1,0,0
"198","S",10,"Unexposed",8,"Unexposed_10_8",0,0,0,0,0,0,0,0,0,0,0,0,0,0,0,0,0,0
"199","U",10,"Unexposed",9,"Unexposed_10_9",0,0,0,0,0,0,0,0,0,0,0,0,0,0,0,0,0,0
"200","X",10,"Unexposed",10,"Unexposed_10_10",0,0,0,0,0,0,0,0,0,0,0,0,0,0,0,0,0,0
