"","Date_rel","Block","Genotype","Ant.mound.dist","Aphid.treatment","plant_ID","X","Aphis.growth.rate"
"1",7,"1","F",1,"aphid","1_1_aphid_F_4","4",-0.2299197017763
"2",7,"1","F",6,"aphid","1_6_aphid_F_26","26",0.334543686592475
"3",7,"1","F",12,"aphid","1_12_aphid_F_54","54",-0.2299197017763
"4",7,"1","G",1,"aphid","1_1_aphid_G_1","1",-0.2299197017763
"5",7,"1","G",6,"aphid","1_6_aphid_G_24","24",-0.2299197017763
"6",7,"1","G",12,"aphid","1_12_aphid_G_42","42",-0.2299197017763
"7",7,"1","I",1,"aphid","1_1_aphid_I_15","15",0.235522660798197
"8",7,"1","I",6,"aphid","1_6_aphid_I_36","36",0.32010138418228
"9",7,NA,NA,NA,NA,"1_12_aphid_I_57",NA,NA
"10",7,"1","J",1,"aphid","1_1_aphid_J_6","6",-0.130898675982022
"11",7,"1","J",6,"aphid","1_6_aphid_J_29","29",0.377008189945037
"12",7,"1","J",12,"aphid","1_12_aphid_J_46","46",-0.2299197017763
"13",7,"1","L",1,"aphid","1_1_aphid_L_14","14",0.235522660798197
"14",7,"1","L",6,"aphid","1_6_aphid_L_35","35",-0.130898675982022
"15",7,"1","L",12,"aphid","1_12_aphid_L_53","53",-0.2299197017763
"16",7,"1","S",1,"aphid","1_1_aphid_S_13","13",-0.2299197017763
"17",7,"1","S",6,"aphid","1_6_aphid_S_32","32",0.0671433756065336
"18",7,"1","S",12,"aphid","1_12_aphid_S_51","51",0.235522660798197
"19",7,"1","T",1,"aphid","1_1_aphid_T_3","3",0.323109014067684
"20",7,"1","T",6,"aphid","1_6_aphid_T_23","23",0.224087988273407
"21",7,"1","T",12,"aphid","1_12_aphid_T_44","44",-0.2299197017763
"22",7,"1","U",1,"aphid","1_1_aphid_U_17","17",-0.2299197017763
"23",7,"1","U",6,"aphid","1_6_aphid_U_39","39",-0.2299197017763
"24",7,"1","U",12,"aphid","1_12_aphid_U_56","56",-0.2299197017763
"25",7,"1","W",1,"aphid","1_1_aphid_W_2","2",-0.2299197017763
"26",7,"1","W",6,"aphid","1_6_aphid_W_21","21",0.394287134290417
"27",7,"1","W",12,"aphid","1_12_aphid_W_41","41",0.300590593467172
"28",7,"1","X",1,"aphid","1_1_aphid_X_7","7",-0.2299197017763
"29",7,"1","X",6,"aphid","1_6_aphid_X_27","27",0.326054626525218
"30",7,"2","F",1,"aphid","2_1_aphid_F_10","70",0.19071443810462
"31",7,"2","G",6,"aphid","2_6_aphid_G_22","82",-0.2299197017763
"32",7,"2","G",12,"aphid","2_12_aphid_G_43","103",-0.2299197017763
"33",7,"2","I",1,"aphid","2_1_aphid_I_13","73",0.125066962479129
"34",7,"2","I",6,"aphid","2_6_aphid_I_31","91",0.182990549351723
"35",7,"2","I",12,"aphid","2_12_aphid_I_49","109",0.300590593467172
"36",7,"2","J",1,"aphid","2_1_aphid_J_11","71",-0.2299197017763
"37",7,"2","J",6,"aphid","2_6_aphid_J_35","95",0.285925714315732
"38",7,"2","J",12,"aphid","2_12_aphid_J_53","113",-0.2299197017763
"39",7,"2","L",1,"aphid","2_1_aphid_L_19","79",-0.2299197017763
"40",7,"2","L",6,"aphid","2_6_aphid_L_39","99",-0.2299197017763
"41",7,"2","L",12,"aphid","2_12_aphid_L_56","116",-0.2299197017763
"42",7,"2","S",6,"aphid","2_6_aphid_S_29","89",-0.2299197017763
"43",7,"2","S",12,"aphid","2_12_aphid_S_47","107",-0.2299197017763
"44",7,"2","T",1,"aphid","2_1_aphid_T_7","67",0.166164401400812
"45",7,"2","T",6,"aphid","2_6_aphid_T_26","86",-0.2299197017763
"46",7,"2","T",12,"aphid","2_12_aphid_T_44","104",0.235522660798197
"47",7,"2","U",1,"aphid","2_1_aphid_U_16","76",-0.0318776501877442
"48",7,"2","U",6,"aphid","2_6_aphid_U_34","94",-0.2299197017763
"49",7,"2","U",12,"aphid","2_12_aphid_U_58","118",-0.2299197017763
"50",7,"2","W",1,"aphid","2_1_aphid_W_1","61",-0.2299197017763
"51",7,"2","W",6,"aphid","2_6_aphid_W_25","85",-0.2299197017763
"52",7,"2","W",12,"aphid","2_12_aphid_W_51","111",-0.2299197017763
"53",7,"2","X",1,"aphid","2_1_aphid_X_2","62",-0.0729750891094272
"54",7,"2","X",6,"aphid","2_6_aphid_X_21","81",-0.2299197017763
"55",7,"2","X",12,"aphid","2_12_aphid_X_41","101",-0.2299197017763
"56",7,"3","F",1,"aphid","3_1_aphid_F_13","133",0.205012075041332
"57",7,"3","F",6,"aphid","3_6_aphid_F_34","154",0.235522660798197
"58",7,"3","F",12,"aphid","3_12_aphid_F_50","170",0.174825061660302
"59",7,"3","G",1,"aphid","3_1_aphid_G_5","125",-0.2299197017763
"60",7,"3","G",6,"aphid","3_6_aphid_G_25","145",-0.2299197017763
"61",7,"3","G",12,"aphid","3_12_aphid_G_44","164",-0.2299197017763
"62",7,"3","I",1,"aphid","3_1_aphid_I_9","129",-0.2299197017763
"63",7,"3","I",6,"aphid","3_6_aphid_I_29","149",-0.2299197017763
"64",7,"3","I",12,"aphid","3_12_aphid_I_45","165",0
"65",7,"3","J",1,"aphid","3_1_aphid_J_10","130",-0.2299197017763
"66",7,"3","J",6,"aphid","3_6_aphid_J_33","153",0.166164401400812
"67",7,"3","J",12,"aphid","3_12_aphid_J_56","176",-0.2299197017763
"68",7,"3","L",1,"aphid","3_1_aphid_L_19","139",0.246109513963015
"69",7,"3","L",6,"aphid","3_6_aphid_L_37","157",-0.2299197017763
"70",7,"3","L",12,"aphid","3_12_aphid_L_59","179",-0.2299197017763
"71",7,"3","S",1,"aphid","3_1_aphid_S_7","127",0.240914136224318
"72",7,"3","S",6,"aphid","3_6_aphid_S_27","147",-0.2299197017763
"73",7,"3","S",12,"aphid","3_12_aphid_S_43","163",0.174825061660302
"74",7,"3","T",1,"aphid","3_1_aphid_T_3","123",-0.2299197017763
"75",7,"3","T",6,"aphid","3_6_aphid_T_23","143",-0.2299197017763
"76",7,"3","T",12,"aphid","3_12_aphid_T_41","161",0.293446247670792
"77",7,"3","U",1,"aphid","3_1_aphid_U_15","135",-0.2299197017763
"78",7,"3","U",6,"aphid","3_6_aphid_U_32","152",-0.2299197017763
"79",7,"3","U",12,"aphid","3_12_aphid_U_51","171",0.300590593467172
"80",7,"3","W",1,"aphid","3_1_aphid_W_12","132",-0.2299197017763
"81",7,"3","W",6,"aphid","3_6_aphid_W_31","151",-0.2299197017763
"82",7,"3","W",12,"aphid","3_12_aphid_W_54","174",0.326054626525218
"83",7,"3","X",1,"aphid","3_1_aphid_X_1","121",0.377008189945037
"84",7,"3","X",6,"aphid","3_6_aphid_X_21","141",-0.2299197017763
"85",7,"3","X",12,"aphid","3_12_aphid_X_42","162",-0.0318776501877442
"86",7,"4","F",1,"aphid","4_1_aphid_F_9","189",0.339935162018596
"87",7,"4","F",6,"aphid","4_6_aphid_F_25","205",-0.2299197017763
"88",7,"4","F",12,"aphid","4_12_aphid_F_45","225",-0.2299197017763
"89",7,"4","G",1,"aphid","4_1_aphid_G_1","181",-0.2299197017763
"90",7,"4","G",6,"aphid","4_6_aphid_G_28","208",-0.2299197017763
"91",7,"4","I",1,"aphid","4_1_aphid_I_4","184",-0.0318776501877442
"92",7,"4","I",6,"aphid","4_6_aphid_I_21","201",-0.2299197017763
"93",7,"4","I",12,"aphid","4_12_aphid_I_41","221",-0.130898675982022
"94",7,"4","J",1,"aphid","4_1_aphid_J_14","194",-0.0729750891094272
"95",7,"4","J",6,"aphid","4_6_aphid_J_37","217",0.282011575146001
"96",7,"4","J",12,"aphid","4_12_aphid_J_57","237",-0.2299197017763
"97",7,"4","L",6,"aphid","4_6_aphid_L_33","213",0.198042051588556
"98",7,"4","L",12,"aphid","4_12_aphid_L_53","233",-0.2299197017763
"99",7,"4","S",1,"aphid","4_1_aphid_S_13","193",-0.2299197017763
"100",7,"4","S",6,"aphid","4_6_aphid_S_39","219",0.166164401400812
"101",7,"4","S",12,"aphid","4_12_aphid_S_58","238",-0.2299197017763
"102",7,"4","T",1,"aphid","4_1_aphid_T_7","187",0.265185427195089
"103",7,"4","T",6,"aphid","4_6_aphid_T_32","212",-0.2299197017763
"104",7,"4","T",12,"aphid","4_12_aphid_T_54","234",-0.2299197017763
"105",7,"4","U",1,"aphid","4_1_aphid_U_12","192",0.27384608745458
"106",7,"4","U",6,"aphid","4_6_aphid_U_27","207",0.260649898864435
"107",7,"4","U",12,"aphid","4_12_aphid_U_49","229",0.300590593467172
"108",7,"4","W",1,"aphid","4_1_aphid_W_11","191",0.32010138418228
"109",7,"4","W",6,"aphid","4_6_aphid_W_29","209",-0.2299197017763
"110",7,"4","W",12,"aphid","4_12_aphid_W_46","226",-0.2299197017763
"111",7,"4","X",1,"aphid","4_1_aphid_X_2","182",0.136501635003919
"112",7,"4","X",6,"aphid","4_6_aphid_X_23","203",-0.2299197017763
"113",7,"4","X",12,"aphid","4_12_aphid_X_42","222",-0.2299197017763
"114",7,"5","F",1,"aphid","5_1_aphid_F_4","244",-0.2299197017763
"115",7,"5","F",6,"aphid","5_6_aphid_F_21","261",-0.2299197017763
"116",7,"5","F",12,"aphid","5_12_aphid_F_47","287",0.265185427195089
"117",7,"5","G",1,"aphid","5_1_aphid_G_8","248",-0.2299197017763
"118",7,"5","G",6,"aphid","5_6_aphid_G_30","270",-0.2299197017763
"119",7,"5","G",12,"aphid","5_12_aphid_G_45","285",-0.2299197017763
"120",7,"5","I",1,"aphid","5_1_aphid_I_2","242",-0.0729750891094272
"121",7,"5","I",6,"aphid","5_6_aphid_I_31","271",-0.2299197017763
"122",7,"5","I",12,"aphid","5_12_aphid_I_50","290",-0.2299197017763
"123",7,"5","J",1,"aphid","5_1_aphid_J_12","252",-0.2299197017763
"124",7,"5","J",6,"aphid","5_6_aphid_J_26","266",-0.2299197017763
"125",7,"5","J",12,"aphid","5_12_aphid_J_48","288",-0.2299197017763
"126",7,"5","L",1,"aphid","5_1_aphid_L_16","256",-0.2299197017763
"127",7,"5","L",6,"aphid","5_6_aphid_L_29","269",0.240914136224318
"128",7,"5","S",1,"aphid","5_1_aphid_S_15","255",-0.2299197017763
"129",7,"5","S",6,"aphid","5_6_aphid_S_32","272",-0.2299197017763
"130",7,"5","T",1,"aphid","5_1_aphid_T_11","251",-0.2299197017763
"131",7,"5","T",6,"aphid","5_6_aphid_T_34","274",-0.2299197017763
"132",7,"5","T",12,"aphid","5_12_aphid_T_46","286",-0.2299197017763
"133",7,"5","U",1,"aphid","5_1_aphid_U_9","249",-0.2299197017763
"134",7,"5","U",6,"aphid","5_6_aphid_U_36","276",0.112636765766324
"135",7,"5","U",12,"aphid","5_12_aphid_U_56","296",-0.2299197017763
"136",7,"5","W",1,"aphid","5_1_aphid_W_6","246",-0.2299197017763
"137",7,"5","W",6,"aphid","5_6_aphid_W_22","262",0.2299197017763
"138",7,"5","W",12,"aphid","5_12_aphid_W_41","281",0.342556467542624
"139",7,"5","X",1,"aphid","5_1_aphid_X_1","241",-0.2299197017763
"140",7,"5","X",6,"aphid","5_6_aphid_X_25","265",-0.2299197017763
"141",7,"5","X",12,"aphid","5_12_aphid_X_42","282",-0.2299197017763
"142",14,"1","F",1,"aphid","1_1_aphid_F_4","304",-0.2299197017763
"143",14,"1","F",6,"aphid","1_6_aphid_F_26","326",-0.00571504780195704
"144",14,"1","F",12,"aphid","1_12_aphid_F_54","354",-0.2299197017763
"145",14,"1","G",1,"aphid","1_1_aphid_G_1","301",-0.2299197017763
"146",14,"1","G",6,"aphid","1_6_aphid_G_24","324",-0.2299197017763
"147",14,"1","G",12,"aphid","1_12_aphid_G_42","342",-0.2299197017763
"148",14,"1","I",1,"aphid","1_1_aphid_I_15","315",0.0774748986893374
"149",14,"1","I",6,"aphid","1_6_aphid_I_36","336",-0.105371277590111
"150",14,NA,NA,NA,NA,"1_12_aphid_I_57",NA,NA
"151",14,"1","J",1,"aphid","1_1_aphid_J_6","306",-0.2299197017763
"152",14,"1","J",6,"aphid","1_6_aphid_J_29","329",-0.02236700867022
"153",14,"1","J",12,"aphid","1_12_aphid_J_46","346",0.048067462374459
"154",14,"1","L",1,"aphid","1_1_aphid_L_14","314",-0.00583171350289354
"155",14,"1","L",6,"aphid","1_6_aphid_L_35","335",-0.130898675982022
"156",14,"1","L",12,"aphid","1_12_aphid_L_53","353",0.2299197017763
"157",14,"1","S",1,"aphid","1_1_aphid_S_13","313",-0.2299197017763
"158",14,"1","S",6,"aphid","1_6_aphid_S_32","332",0.0359020611829866
"159",14,"1","S",12,"aphid","1_12_aphid_S_51","351",0.0109944344480184
"160",14,"1","T",1,"aphid","1_1_aphid_T_3","303",-0.221080358388002
"161",14,"1","T",6,"aphid","1_6_aphid_T_23","323",-0.447927745132736
"162",14,"1","T",12,"aphid","1_12_aphid_T_44","344",-0.2299197017763
"163",14,"1","U",1,"aphid","1_1_aphid_U_17","317",-0.2299197017763
"164",14,"1","U",6,"aphid","1_6_aphid_U_39","339",-0.2299197017763
"165",14,"1","U",12,"aphid","1_12_aphid_U_56","356",0.174825061660302
"166",14,"1","W",1,"aphid","1_1_aphid_W_2","302",-0.2299197017763
"167",14,"1","W",6,"aphid","1_6_aphid_W_21","321",0.00181986082534711
"168",14,"1","W",12,"aphid","1_12_aphid_W_41","341",-0.0232169899282535
"169",14,"1","X",1,"aphid","1_1_aphid_X_7","307",-0.2299197017763
"170",14,"1","X",6,"aphid","1_6_aphid_X_27","327",-0.00300762988540467
"171",14,"2","F",1,"aphid","2_1_aphid_F_10","370",-0.0260459366848506
"172",14,"2","G",6,"aphid","2_6_aphid_G_22","382",-0.0318776501877442
"173",14,"2","G",12,"aphid","2_12_aphid_G_43","403",-0.2299197017763
"174",14,"2","I",1,"aphid","2_1_aphid_I_13","373",-0.342556467542624
"175",14,"2","I",6,"aphid","2_6_aphid_I_31","391",-0.0178804489934294
"176",14,"2","I",12,"aphid","2_12_aphid_I_49","409",-0.526982779159134
"177",14,"2","J",1,"aphid","2_1_aphid_J_11","371",-0.2299197017763
"178",14,"2","J",6,"aphid","2_6_aphid_J_35","395",0.0286672422088787
"179",14,"2","J",12,"aphid","2_12_aphid_J_53","413",-0.2299197017763
"180",14,"2","L",1,"aphid","2_1_aphid_L_19","379",-0.2299197017763
"181",14,"2","L",6,"aphid","2_6_aphid_L_39","399",-0.2299197017763
"182",14,"2","L",12,"aphid","2_12_aphid_L_56","416",-0.2299197017763
"183",14,"2","S",6,"aphid","2_6_aphid_S_29","389",-0.2299197017763
"184",14,NA,NA,NA,NA,"2_12_aphid_S_47",NA,NA
"185",14,"2","T",1,"aphid","2_1_aphid_T_7","367",-0.0898012370603392
"186",14,"2","T",6,"aphid","2_6_aphid_T_26","386",-0.2299197017763
"187",14,"2","T",12,"aphid","2_12_aphid_T_44","404",-0.0550946401159978
"188",14,"2","U",1,"aphid","2_1_aphid_U_16","376",-0.2299197017763
"189",14,"2","U",6,"aphid","2_6_aphid_U_34","394",-0.2299197017763
"190",14,"2","U",12,"aphid","2_12_aphid_U_58","418",-0.2299197017763
"191",14,"2","W",1,"aphid","2_1_aphid_W_1","361",0.048067462374459
"192",14,"2","W",6,"aphid","2_6_aphid_W_25","385",-0.2299197017763
"193",14,"2","W",12,"aphid","2_12_aphid_W_51","411",0.198042051588556
"194",14,"2","X",1,"aphid","2_1_aphid_X_2","362",-0.2299197017763
"195",14,"2","X",6,"aphid","2_6_aphid_X_21","381",-0.2299197017763
"196",14,"2","X",12,"aphid","2_12_aphid_X_41","401",0.0260459366848507
"197",14,"3","F",1,"aphid","3_1_aphid_F_13","433",0.0318776501877442
"198",14,"3","F",6,"aphid","3_6_aphid_F_34","454",-0.2299197017763
"199",14,"3","F",12,"aphid","3_12_aphid_F_50","470",-0.00921978873393873
"200",14,"3","G",1,"aphid","3_1_aphid_G_5","425",-0.2299197017763
"201",14,"3","G",6,"aphid","3_6_aphid_G_25","445",-0.2299197017763
"202",14,"3","G",12,"aphid","3_12_aphid_G_44","464",-0.2299197017763
"203",14,"3","I",1,"aphid","3_1_aphid_I_9","429",0.211657791560602
"204",14,"3","I",6,"aphid","3_6_aphid_I_29","449",-0.2299197017763
"205",14,"3","I",12,"aphid","3_12_aphid_I_45","465",-0.2299197017763
"206",14,"3","J",1,"aphid","3_1_aphid_J_10","430",-0.2299197017763
"207",14,"3","J",6,"aphid","3_6_aphid_J_33","453",-0.386864314443173
"208",14,"3","J",12,"aphid","3_12_aphid_J_56","476",-0.2299197017763
"209",14,"3","L",1,"aphid","3_1_aphid_L_19","439",-0.0660890745640161
"210",14,"3","L",6,"aphid","3_6_aphid_L_37","457",-0.2299197017763
"211",14,"3","L",12,"aphid","3_12_aphid_L_59","479",-0.2299197017763
"212",14,"3","S",1,"aphid","3_1_aphid_S_7","427",-0.168379285191664
"213",14,NA,NA,NA,NA,"3_6_aphid_S_27",NA,NA
"214",14,"3","S",12,"aphid","3_12_aphid_S_43","463",-0.166164401400812
"215",14,"3","T",1,"aphid","3_1_aphid_T_3","423",-0.2299197017763
"216",14,"3","T",6,"aphid","3_6_aphid_T_23","443",-0.2299197017763
"217",14,"3","T",12,"aphid","3_12_aphid_T_41","461",-0.0158893764443177
"218",14,"3","U",1,"aphid","3_1_aphid_U_15","435",0.265185427195089
"219",14,"3","U",6,"aphid","3_6_aphid_U_32","452",0.112636765766324
"220",14,"3","U",12,"aphid","3_12_aphid_U_51","471",-0.041097438921683
"221",14,"3","W",1,"aphid","3_1_aphid_W_12","432",-0.130898675982022
"222",14,"3","W",6,"aphid","3_6_aphid_W_31","451",-0.2299197017763
"223",14,"3","W",12,"aphid","3_12_aphid_W_54","474",0.0433123227125351
"224",14,"3","X",1,"aphid","3_1_aphid_X_1","421",-0.191962106671585
"225",14,"3","X",6,"aphid","3_6_aphid_X_21","441",-0.2299197017763
"226",14,"3","X",12,"aphid","3_12_aphid_X_42","462",-0.2299197017763
"227",14,"4","F",1,"aphid","4_1_aphid_F_9","489",-0.0332317564669648
"228",14,"4","F",6,"aphid","4_6_aphid_F_25","505",-0.2299197017763
"229",14,"4","F",12,"aphid","4_12_aphid_F_45","525",-0.0729750891094272
"230",14,"4","G",1,"aphid","4_1_aphid_G_1","481",-0.2299197017763
"231",14,NA,NA,NA,NA,"4_6_aphid_G_28",NA,NA
"232",14,"4","I",1,"aphid","4_1_aphid_I_4","484",-0.2299197017763
"233",14,"4","I",6,"aphid","4_6_aphid_I_21","501",-0.2299197017763
"234",14,"4","I",12,"aphid","4_12_aphid_I_41","521",-0.2299197017763
"235",14,"4","J",1,"aphid","4_1_aphid_J_14","494",-0.130898675982022
"236",14,"4","J",6,"aphid","4_6_aphid_J_37","517",0.0226034293164135
"237",14,"4","J",12,"aphid","4_12_aphid_J_57","537",-0.2299197017763
"238",14,"4","L",6,"aphid","4_6_aphid_L_33","513",-0.42063413988092
"239",14,"4","L",12,"aphid","4_12_aphid_L_53","533",-0.2299197017763
"240",14,NA,NA,NA,NA,"4_1_aphid_S_13",NA,NA
"241",14,"4","S",6,"aphid","4_6_aphid_S_39","519",-0.386864314443173
"242",14,"4","S",12,"aphid","4_12_aphid_S_58","538",-0.2299197017763
"243",14,"4","T",1,"aphid","4_1_aphid_T_7","487",0
"244",14,"4","T",6,"aphid","4_6_aphid_T_32","512",-0.2299197017763
"245",14,"4","T",12,"aphid","4_12_aphid_T_54","534",-0.2299197017763
"246",14,"4","U",1,"aphid","4_1_aphid_U_12","492",-0.018458818782858
"247",14,"4","U",6,"aphid","4_6_aphid_U_27","507",0.0220215256896083
"248",14,"4","U",12,"aphid","4_12_aphid_U_49","529",-0.00361682971204142
"249",14,"4","W",1,"aphid","4_1_aphid_W_11","491",0.0735948607663699
"250",14,"4","W",6,"aphid","4_6_aphid_W_29","509",0.2299197017763
"251",14,"4","W",12,"aphid","4_12_aphid_W_46","526",0.112636765766324
"252",14,"4","X",1,"aphid","4_1_aphid_X_2","482",-0.041097438921683
"253",14,"4","X",6,"aphid","4_6_aphid_X_23","503",-0.2299197017763
"254",14,"4","X",12,"aphid","4_12_aphid_X_42","522",-0.130898675982022
"255",14,"5","F",1,"aphid","5_1_aphid_F_4","544",0.0990210257942779
"256",14,"5","F",6,"aphid","5_6_aphid_F_21","561",-0.2299197017763
"257",14,"5","F",12,"aphid","5_12_aphid_F_47","587",-0.292527549052179
"258",14,"5","G",1,"aphid","5_1_aphid_G_8","548",-0.2299197017763
"259",14,"5","G",6,"aphid","5_6_aphid_G_30","570",-0.2299197017763
"260",14,"5","G",12,"aphid","5_12_aphid_G_45","585",-0.2299197017763
"261",14,"5","I",1,"aphid","5_1_aphid_I_2","542",-0.2299197017763
"262",14,"5","I",6,"aphid","5_6_aphid_I_31","571",-0.2299197017763
"263",14,"5","I",12,"aphid","5_12_aphid_I_50","590",-0.2299197017763
"264",14,"5","J",1,"aphid","5_1_aphid_J_12","552",-0.2299197017763
"265",14,"5","J",6,"aphid","5_6_aphid_J_26","566",-0.2299197017763
"266",14,"5","J",12,"aphid","5_12_aphid_J_48","588",-0.2299197017763
"267",14,"5","L",1,"aphid","5_1_aphid_L_16","556",-0.2299197017763
"268",14,"5","L",6,"aphid","5_6_aphid_L_29","569",-0.168379285191664
"269",14,"5","S",1,"aphid","5_1_aphid_S_15","555",-0.2299197017763
"270",14,"5","S",6,"aphid","5_6_aphid_S_32","572",-0.2299197017763
"271",14,"5","T",1,"aphid","5_1_aphid_T_11","551",0.0671433756065336
"272",14,"5","T",6,"aphid","5_6_aphid_T_34","574",-0.2299197017763
"273",14,"5","T",12,"aphid","5_12_aphid_T_46","586",-0.2299197017763
"274",14,"5","U",1,"aphid","5_1_aphid_U_9","549",-0.2299197017763
"275",14,"5","U",6,"aphid","5_6_aphid_U_36","576",-0.328940727570578
"276",14,"5","U",12,"aphid","5_12_aphid_U_56","596",-0.2299197017763
"277",14,"5","W",1,"aphid","5_1_aphid_W_6","546",-0.130898675982022
"278",14,"5","W",6,"aphid","5_6_aphid_W_22","562",0.0579235868725949
"279",14,"5","W",12,"aphid","5_12_aphid_W_41","581",0.0469291524245765
"280",14,"5","X",1,"aphid","5_1_aphid_X_1","541",-0.2299197017763
"281",14,"5","X",6,"aphid","5_6_aphid_X_25","565",-0.2299197017763
"282",14,"5","X",12,"aphid","5_12_aphid_X_42","582",-0.2299197017763
"283",25,"1","F",1,"aphid","1_1_aphid_F_4","604",-0.146312537494009
"284",25,"1","F",6,"aphid","1_6_aphid_F_26","626",-0.35192736462799
"285",25,"1","F",12,"aphid","1_12_aphid_F_54","654",-0.146312537494009
"286",25,"1","G",1,"aphid","1_1_aphid_G_1","601",0
"287",25,"1","G",6,"aphid","1_6_aphid_G_24","624",-0.146312537494009
"288",25,"1","G",12,"aphid","1_12_aphid_G_42","642",-0.146312537494009
"289",25,"1","I",1,"aphid","1_1_aphid_I_15","615",-0.121797667771363
"290",25,NA,NA,NA,NA,"1_6_aphid_I_36",NA,NA
"291",25,"1","I",12,"aphid","1_12_aphid_I_57","657",NA
"292",25,"1","J",1,"aphid","1_1_aphid_J_6","606",-0.146312537494009
"293",25,"1","J",6,"aphid","1_6_aphid_J_29","629",-0.369131182776947
"294",25,"1","J",12,"aphid","1_12_aphid_J_46","646",-0.162887224475278
"295",25,"1","L",1,"aphid","1_1_aphid_L_14","614",-0.285044928720832
"296",25,"1","L",6,"aphid","1_6_aphid_L_35","635",-0.146312537494009
"297",25,"1","L",12,"aphid","1_12_aphid_L_53","653",-0.142601447083077
"298",25,"1","S",1,"aphid","1_1_aphid_S_13","613",-0.146312537494009
"299",25,"1","S",6,"aphid","1_6_aphid_S_32","632",-0.189040140152712
"300",25,"1","S",12,"aphid","1_12_aphid_S_51","651",-0.296190594365589
"301",25,"1","T",1,"aphid","1_1_aphid_T_3","603",-0.199747688848747
"302",25,"1","T",6,"aphid","1_6_aphid_T_23","623",-0.146312537494009
"303",25,"1","T",12,"aphid","1_12_aphid_T_44","644",0.105740982709607
"304",25,"1","U",1,"aphid","1_1_aphid_U_17","617",-0.146312537494009
"305",25,"1","U",6,"aphid","1_6_aphid_U_39","639",-0.146312537494009
"306",25,"1","U",12,"aphid","1_12_aphid_U_56","656",-0.0523058313548692
"307",25,"1","W",1,"aphid","1_1_aphid_W_2","602",-0.146312537494009
"308",25,"1","W",6,"aphid","1_6_aphid_W_21","621",-0.0179841584845382
"309",25,"1","W",12,"aphid","1_12_aphid_W_41","641",-0.31786432376968
"310",25,"1","X",1,"aphid","1_1_aphid_X_7","607",-0.146312537494009
"311",25,"1","X",6,"aphid","1_6_aphid_X_27","627",-0.348058308771736
"312",25,"2","F",1,"aphid","2_1_aphid_F_10","670",-0.239914302692296
"313",25,"2","G",6,"aphid","2_6_aphid_G_22","682",-0.146312537494009
"314",25,"2","G",12,"aphid","2_12_aphid_G_43","703",-0.146312537494009
"315",25,"2","I",1,"aphid","2_1_aphid_I_13","673",-0.146312537494009
"316",25,"2","I",6,"aphid","2_6_aphid_I_31","691",-0.239914302692296
"317",25,"2","I",12,"aphid","2_12_aphid_I_49","709",-0.146312537494009
"318",25,"2","J",1,"aphid","2_1_aphid_J_11","671",-0.146312537494009
"319",25,"2","J",6,"aphid","2_6_aphid_J_35","695",-0.341927283244869
"320",25,"2","J",12,"aphid","2_12_aphid_J_53","713",-0.146312537494009
"321",25,"2","L",1,"aphid","2_1_aphid_L_19","679",-0.146312537494009
"322",25,"2","L",6,"aphid","2_6_aphid_L_39","699",-0.146312537494009
"323",25,"2","L",12,"aphid","2_12_aphid_L_56","716",-0.146312537494009
"324",25,"2","S",6,"aphid","2_6_aphid_S_29","689",-0.146312537494009
"325",25,NA,NA,NA,NA,"2_12_aphid_S_47",NA,NA
"326",25,"2","T",1,"aphid","2_1_aphid_T_7","667",-0.176900922641392
"327",25,"2","T",6,"aphid","2_6_aphid_T_26","686",-0.146312537494009
"328",25,"2","T",12,"aphid","2_12_aphid_T_44","704",-0.252053520203616
"329",25,"2","U",1,"aphid","2_1_aphid_U_16","676",-0.146312537494009
"330",25,"2","U",6,"aphid","2_6_aphid_U_34","694",-0.146312537494009
"331",25,"2","U",12,"aphid","2_12_aphid_U_58","718",-0.146312537494009
"332",25,"2","W",1,"aphid","2_1_aphid_W_1","661",-0.162887224475278
"333",25,"2","W",6,"aphid","2_6_aphid_W_25","685",-0.146312537494009
"334",25,"2","W",12,"aphid","2_12_aphid_W_51","711",-0.267676270833313
"335",25,"2","X",1,"aphid","2_1_aphid_X_2","662",-0.146312537494009
"336",25,"2","X",6,"aphid","2_6_aphid_X_21","681",0.130462229571757
"337",25,"2","X",12,"aphid","2_12_aphid_X_41","701",-0.083299157443105
"338",25,"3","F",1,"aphid","3_1_aphid_F_13","733",0.0368604643734695
"339",25,"3","F",6,"aphid","3_6_aphid_F_34","754",-0.146312537494009
"340",25,"3","F",12,"aphid","3_12_aphid_F_50","770",-0.239914302692296
"341",25,"3","G",1,"aphid","3_1_aphid_G_5","725",-0.146312537494009
"342",25,"3","G",6,"aphid","3_6_aphid_G_25","745",-0.146312537494009
"343",25,"3","G",12,"aphid","3_12_aphid_G_44","764",-0.146312537494009
"344",25,"3","I",1,"aphid","3_1_aphid_I_9","729",-0.176900922641392
"345",25,"3","I",6,"aphid","3_6_aphid_I_29","749",0.030588385147383
"346",25,"3","I",12,"aphid","3_12_aphid_I_45","765",-0.146312537494009
"347",25,"3","J",1,"aphid","3_1_aphid_J_10","730",-0.146312537494009
"348",25,"3","J",6,"aphid","3_6_aphid_J_33","753",-0.146312537494009
"349",25,NA,NA,NA,NA,"3_12_aphid_J_56",NA,NA
"350",25,"3","L",1,"aphid","3_1_aphid_L_19","739",0.0658108035660636
"351",25,"3","L",6,"aphid","3_6_aphid_L_37","757",-0.146312537494009
"352",25,"3","L",12,"aphid","3_12_aphid_L_59","779",-0.146312537494009
"353",25,"3","S",1,"aphid","3_1_aphid_S_7","727",-0.113887542590488
"354",25,NA,NA,NA,NA,"3_6_aphid_S_27",NA,NA
"355",25,"3","S",12,"aphid","3_12_aphid_S_43","763",-0.146312537494009
"356",25,"3","T",1,"aphid","3_1_aphid_T_3","723",-0.146312537494009
"357",25,"3","T",6,"aphid","3_6_aphid_T_23","743",-0.146312537494009
"358",25,"3","T",12,"aphid","3_12_aphid_T_41","761",0.0480767390244245
"359",25,"3","U",1,"aphid","3_1_aphid_U_15","735",-0.165868117459186
"360",25,"3","U",6,"aphid","3_6_aphid_U_32","752",-0.209325917544913
"361",25,"3","U",12,"aphid","3_12_aphid_U_51","771",-0.306117802726043
"362",25,"3","W",1,"aphid","3_1_aphid_W_12","732",-0.146312537494009
"363",25,"3","W",6,"aphid","3_6_aphid_W_31","751",-0.146312537494009
"364",25,"3","W",12,"aphid","3_12_aphid_W_54","774",-0.0818896859398354
"365",25,"3","X",1,"aphid","3_1_aphid_X_1","721",-0.257564849459656
"366",25,"3","X",6,"aphid","3_6_aphid_X_21","741",-0.146312537494009
"367",25,"3","X",12,"aphid","3_12_aphid_X_42","762",-0.146312537494009
"368",25,"4","F",1,"aphid","4_1_aphid_F_9","789",-0.337597460609483
"369",25,"4","F",6,"aphid","4_6_aphid_F_25","805",-0.146312537494009
"370",25,"4","F",12,"aphid","4_12_aphid_F_45","825",-0.146312537494009
"371",25,"4","G",1,"aphid","4_1_aphid_G_1","781",-0.146312537494009
"372",25,NA,NA,NA,NA,"4_6_aphid_G_28",NA,NA
"373",25,"4","I",1,"aphid","4_1_aphid_I_4","784",-0.146312537494009
"374",25,"4","I",6,"aphid","4_6_aphid_I_21","801",-0.146312537494009
"375",25,"4","I",12,"aphid","4_12_aphid_I_41","821",-0.146312537494009
"376",25,"4","J",1,"aphid","4_1_aphid_J_14","794",-0.146312537494009
"377",25,"4","J",6,"aphid","4_6_aphid_J_37","817",-0.335352677646721
"378",25,"4","J",12,"aphid","4_12_aphid_J_57","837",-0.146312537494009
"379",25,"4","L",6,"aphid","4_6_aphid_L_33","813",-0.146312537494009
"380",25,"4","L",12,"aphid","4_12_aphid_L_53","833",-0.146312537494009
"381",25,NA,NA,NA,NA,"4_1_aphid_S_13",NA,NA
"382",25,"4","S",6,"aphid","4_6_aphid_S_39","819",-0.146312537494009
"383",25,"4","S",12,"aphid","4_12_aphid_S_58","838",-0.146312537494009
"384",25,"4","T",1,"aphid","4_1_aphid_T_7","787",0.02148988891493
"385",25,"4","T",6,"aphid","4_6_aphid_T_32","812",-0.146312537494009
"386",25,"4","T",12,"aphid","4_12_aphid_T_54","834",-0.146312537494009
"387",25,"4","U",1,"aphid","4_1_aphid_U_12","792",-0.3029276827432
"388",25,"4","U",6,"aphid","4_6_aphid_U_27","807",-0.32057822951056
"389",25,"4","U",12,"aphid","4_12_aphid_U_49","829",-0.330689650884217
"390",25,"4","W",1,"aphid","4_1_aphid_W_11","791",-0.0456447221633851
"391",25,"4","W",6,"aphid","4_6_aphid_W_29","809",-0.0795880670321727
"392",25,"4","W",12,"aphid","4_12_aphid_W_46","826",-0.10945207312054
"393",25,"4","X",1,"aphid","4_1_aphid_X_2","782",-0.189040140152712
"394",25,"4","X",6,"aphid","4_6_aphid_X_23","803",-0.146312537494009
"395",25,"4","X",12,"aphid","4_12_aphid_X_42","822",-0.146312537494009
"396",25,"5","F",1,"aphid","5_1_aphid_F_4","844",-0.136734308797843
"397",25,"5","F",6,"aphid","5_6_aphid_F_21","861",-0.146312537494009
"398",25,"5","F",12,"aphid","5_12_aphid_F_47","887",0.0716779418512973
"399",25,"5","G",1,"aphid","5_1_aphid_G_8","848",-0.146312537494009
"400",25,NA,NA,NA,NA,"5_6_aphid_G_30",NA,NA
"401",25,"5","G",12,"aphid","5_12_aphid_G_45","885",-0.146312537494009
"402",25,"5","I",1,"aphid","5_1_aphid_I_2","842",-0.0464386930696355
"403",25,"5","I",6,"aphid","5_6_aphid_I_31","871",-0.146312537494009
"404",25,"5","I",12,"aphid","5_12_aphid_I_50","890",-0.146312537494009
"405",25,"5","J",1,"aphid","5_1_aphid_J_12","852",-0.146312537494009
"406",25,"5","J",6,"aphid","5_6_aphid_J_26","866",-0.146312537494009
"407",25,"5","J",12,"aphid","5_12_aphid_J_48","888",-0.146312537494009
"408",25,"5","L",1,"aphid","5_1_aphid_L_16","856",-0.146312537494009
"409",25,"5","L",6,"aphid","5_6_aphid_L_29","869",-0.176900922641392
"410",25,"5","S",1,"aphid","5_1_aphid_S_15","855",-0.146312537494009
"411",25,"5","S",6,"aphid","5_6_aphid_S_32","872",-0.146312537494009
"412",25,"5","T",1,"aphid","5_1_aphid_T_11","851",-0.176900922641392
"413",25,"5","T",6,"aphid","5_6_aphid_T_34","874",-0.146312537494009
"414",25,"5","T",12,"aphid","5_12_aphid_T_46","886",-0.146312537494009
"415",25,"5","U",1,"aphid","5_1_aphid_U_9","849",-0.146312537494009
"416",25,"5","U",6,"aphid","5_6_aphid_U_36","876",-0.146312537494009
"417",25,"5","U",12,"aphid","5_12_aphid_U_56","896",-0.146312537494009
"418",25,"5","W",1,"aphid","5_1_aphid_W_6","846",-0.146312537494009
"419",25,"5","W",6,"aphid","5_6_aphid_W_22","862",-0.323213460135401
"420",25,"5","W",12,"aphid","5_12_aphid_W_41","881",-0.391278644836743
"421",25,"5","X",1,"aphid","5_1_aphid_X_1","841",-0.146312537494009
"422",25,"5","X",6,"aphid","5_6_aphid_X_25","865",-0.146312537494009
"423",25,"5","X",12,"aphid","5_12_aphid_X_42","882",-0.146312537494009
"424",35,"1","F",1,"aphid","1_1_aphid_F_4","904",-0.16094379124341
"425",35,"1","F",6,"aphid","1_6_aphid_F_26","926",-0.16094379124341
"426",35,"1","F",12,"aphid","1_12_aphid_F_54","954",-0.16094379124341
"427",35,"1","G",1,"aphid","1_1_aphid_G_1","901",-0.16094379124341
"428",35,"1","G",6,"aphid","1_6_aphid_G_24","924",-0.16094379124341
"429",35,"1","G",12,"aphid","1_12_aphid_G_42","942",-0.16094379124341
"430",35,"1","I",1,"aphid","1_1_aphid_I_15","915",-0.230258509299405
"431",35,"1","I",6,"aphid","1_6_aphid_I_36","936",NA
"432",35,"1","I",12,"aphid","1_12_aphid_I_57","957",-0.16094379124341
"433",35,"1","J",1,"aphid","1_1_aphid_J_6","906",-0.16094379124341
"434",35,"1","J",6,"aphid","1_6_aphid_J_29","929",-0.16094379124341
"435",35,"1","J",12,"aphid","1_12_aphid_J_46","946",-0.16094379124341
"436",35,"1","L",1,"aphid","1_1_aphid_L_14","914",-0.16094379124341
"437",35,"1","L",6,"aphid","1_6_aphid_L_35","935",-0.16094379124341
"438",35,"1","L",12,"aphid","1_12_aphid_L_53","953",0.0182321556793955
"439",35,"1","S",1,"aphid","1_1_aphid_S_13","913",-0.16094379124341
"440",35,"1","S",6,"aphid","1_6_aphid_S_32","932",-0.16094379124341
"441",35,"1","S",12,"aphid","1_12_aphid_S_51","951",-0.16094379124341
"442",35,"1","T",1,"aphid","1_1_aphid_T_3","903",-0.16094379124341
"443",35,"1","T",6,"aphid","1_6_aphid_T_23","923",-0.16094379124341
"444",35,"1","T",12,"aphid","1_12_aphid_T_44","944",-0.0143100843640673
"445",35,"1","U",1,"aphid","1_1_aphid_U_17","917",-0.16094379124341
"446",35,"1","U",6,"aphid","1_6_aphid_U_39","939",-0.16094379124341
"447",35,"1","U",12,"aphid","1_12_aphid_U_56","956",0.0318453731118535
"448",35,"1","W",1,"aphid","1_1_aphid_W_2","902",-0.16094379124341
"449",35,"1","W",6,"aphid","1_6_aphid_W_21","921",0.0334202088086674
"450",35,"1","W",12,"aphid","1_12_aphid_W_41","941",-0.16094379124341
"451",35,"1","X",1,"aphid","1_1_aphid_X_7","907",-0.16094379124341
"452",35,"1","X",6,"aphid","1_6_aphid_X_27","927",-0.16094379124341
"453",35,"2","F",1,"aphid","2_1_aphid_F_10","970",-0.16094379124341
"454",35,"2","G",6,"aphid","2_6_aphid_G_22","982",-0.16094379124341
"455",35,"2","G",12,"aphid","2_12_aphid_G_43","1003",-0.16094379124341
"456",35,"2","I",1,"aphid","2_1_aphid_I_13","973",-0.16094379124341
"457",35,"2","I",6,"aphid","2_6_aphid_I_31","991",-0.16094379124341
"458",35,"2","I",12,"aphid","2_12_aphid_I_49","1009",-0.16094379124341
"459",35,"2","J",1,"aphid","2_1_aphid_J_11","971",-0.16094379124341
"460",35,"2","J",6,"aphid","2_6_aphid_J_35","995",-0.16094379124341
"461",35,"2","J",12,"aphid","2_12_aphid_J_53","1013",-0.16094379124341
"462",35,"2","L",1,"aphid","2_1_aphid_L_19","979",-0.16094379124341
"463",35,"2","L",6,"aphid","2_6_aphid_L_39","999",-0.16094379124341
"464",35,"2","L",12,"aphid","2_12_aphid_L_56","1016",-0.16094379124341
"465",35,"2","S",6,"aphid","2_6_aphid_S_29","989",-0.16094379124341
"466",35,NA,NA,NA,NA,"2_12_aphid_S_47",NA,NA
"467",35,NA,NA,NA,NA,"2_1_aphid_T_7",NA,NA
"468",35,"2","T",6,"aphid","2_6_aphid_T_26","986",-0.16094379124341
"469",35,"2","T",12,"aphid","2_12_aphid_T_44","1004",-0.16094379124341
"470",35,"2","U",1,"aphid","2_1_aphid_U_16","976",-0.16094379124341
"471",35,"2","U",6,"aphid","2_6_aphid_U_34","994",-0.16094379124341
"472",35,"2","U",12,"aphid","2_12_aphid_U_58","1018",-0.16094379124341
"473",35,"2","W",1,"aphid","2_1_aphid_W_1","961",-0.16094379124341
"474",35,"2","W",6,"aphid","2_6_aphid_W_25","985",-0.16094379124341
"475",35,"2","W",12,"aphid","2_12_aphid_W_51","1011",-0.16094379124341
"476",35,"2","X",1,"aphid","2_1_aphid_X_2","962",-0.16094379124341
"477",35,"2","X",6,"aphid","2_6_aphid_X_21","981",0.0405465108108165
"478",35,"2","X",12,"aphid","2_12_aphid_X_41","1001",-0.16094379124341
"479",35,"3","F",1,"aphid","3_1_aphid_F_13","1033",-0.355534806148941
"480",35,"3","F",6,"aphid","3_6_aphid_F_34","1054",-0.16094379124341
"481",35,"3","F",12,"aphid","3_12_aphid_F_50","1070",-0.16094379124341
"482",35,"3","G",1,"aphid","3_1_aphid_G_5","1025",0.0336472236621213
"483",35,"3","G",6,"aphid","3_6_aphid_G_25","1045",-0.16094379124341
"484",35,"3","G",12,"aphid","3_12_aphid_G_44","1064",-0.16094379124341
"485",35,"3","I",1,"aphid","3_1_aphid_I_9","1029",-0.16094379124341
"486",35,"3","I",6,"aphid","3_6_aphid_I_29","1049",-0.179175946922806
"487",35,"3","I",12,"aphid","3_12_aphid_I_45","1065",-0.16094379124341
"488",35,"3","J",1,"aphid","3_1_aphid_J_10","1030",-0.16094379124341
"489",35,"3","J",6,"aphid","3_6_aphid_J_33","1053",-0.16094379124341
"490",35,NA,NA,NA,NA,"3_12_aphid_J_56",NA,NA
"491",35,"3","L",1,"aphid","3_1_aphid_L_19","1039",-0.346573590279973
"492",35,"3","L",6,"aphid","3_6_aphid_L_37","1057",-0.16094379124341
"493",35,"3","L",12,"aphid","3_12_aphid_L_59","1079",-0.16094379124341
"494",35,"3","S",1,"aphid","3_1_aphid_S_7","1027",-0.16094379124341
"495",35,NA,NA,NA,NA,"3_6_aphid_S_27",NA,NA
"496",35,"3","S",12,"aphid","3_12_aphid_S_43","1063",-0.16094379124341
"497",35,"3","T",1,"aphid","3_1_aphid_T_3","1023",-0.16094379124341
"498",35,"3","T",6,"aphid","3_6_aphid_T_23","1043",-0.16094379124341
"499",35,"3","T",12,"aphid","3_12_aphid_T_41","1061",-0.400733318523247
"500",35,"3","U",1,"aphid","3_1_aphid_U_15","1035",-0.16094379124341
"501",35,"3","U",6,"aphid","3_6_aphid_U_32","1052",-0.16094379124341
"502",35,"3","U",12,"aphid","3_12_aphid_U_51","1071",-0.16094379124341
"503",35,"3","W",1,"aphid","3_1_aphid_W_12","1032",-0.16094379124341
"504",35,"3","W",6,"aphid","3_6_aphid_W_31","1051",-0.16094379124341
"505",35,"3","W",12,"aphid","3_12_aphid_W_54","1074",-0.32188758248682
"506",35,"3","X",1,"aphid","3_1_aphid_X_1","1021",-0.16094379124341
"507",35,NA,NA,NA,NA,"3_6_aphid_X_21",NA,NA
"508",35,"3","X",12,"aphid","3_12_aphid_X_42","1062",-0.022314355131421
"509",35,"4","F",1,"aphid","4_1_aphid_F_9","1089",-0.16094379124341
"510",35,"4","F",6,"aphid","4_6_aphid_F_25","1105",-0.16094379124341
"511",35,"4","F",12,"aphid","4_12_aphid_F_45","1125",-0.16094379124341
"512",35,"4","G",1,"aphid","4_1_aphid_G_1","1081",-0.16094379124341
"513",35,NA,NA,NA,NA,"4_6_aphid_G_28",NA,NA
"514",35,"4","I",1,"aphid","4_1_aphid_I_4","1084",-0.16094379124341
"515",35,"4","I",6,"aphid","4_6_aphid_I_21","1101",-0.16094379124341
"516",35,"4","I",12,"aphid","4_12_aphid_I_41","1121",-0.16094379124341
"517",35,"4","J",1,"aphid","4_1_aphid_J_14","1094",-0.16094379124341
"518",35,"4","J",6,"aphid","4_6_aphid_J_37","1117",-0.16094379124341
"519",35,"4","J",12,"aphid","4_12_aphid_J_57","1137",-0.16094379124341
"520",35,"4","L",6,"aphid","4_6_aphid_L_33","1113",-0.16094379124341
"521",35,"4","L",12,"aphid","4_12_aphid_L_53","1133",-0.16094379124341
"522",35,NA,NA,NA,NA,"4_1_aphid_S_13",NA,NA
"523",35,"4","S",6,"aphid","4_6_aphid_S_39","1119",-0.16094379124341
"524",35,"4","S",12,"aphid","4_12_aphid_S_58","1138",-0.16094379124341
"525",35,"4","T",1,"aphid","4_1_aphid_T_7","1087",-0.0392042087776024
"526",35,"4","T",6,"aphid","4_6_aphid_T_32","1112",-0.16094379124341
"527",35,"4","T",12,"aphid","4_12_aphid_T_54","1134",-0.16094379124341
"528",35,"4","U",1,"aphid","4_1_aphid_U_12","1092",-0.16094379124341
"529",35,"4","U",6,"aphid","4_6_aphid_U_27","1107",-0.16094379124341
"530",35,"4","U",12,"aphid","4_12_aphid_U_49","1129",-0.16094379124341
"531",35,"4","W",1,"aphid","4_1_aphid_W_11","1091",0.0470003629245736
"532",35,"4","W",6,"aphid","4_6_aphid_W_29","1109",-0.219722457733622
"533",35,"4","W",12,"aphid","4_12_aphid_W_46","1126",-0.16094379124341
"534",35,"4","X",1,"aphid","4_1_aphid_X_2","1082",-0.16094379124341
"535",35,"4","X",6,"aphid","4_6_aphid_X_23","1103",-0.16094379124341
"536",35,"4","X",12,"aphid","4_12_aphid_X_42","1122",-0.16094379124341
"537",35,"5","F",1,"aphid","5_1_aphid_F_4","1144",-0.16094379124341
"538",35,"5","F",6,"aphid","5_6_aphid_F_21","1161",-0.16094379124341
"539",35,"5","F",12,"aphid","5_12_aphid_F_47","1187",-0.0356674943938733
"540",35,"5","G",1,"aphid","5_1_aphid_G_8","1148",-0.16094379124341
"541",35,NA,NA,NA,NA,"5_6_aphid_G_30",NA,NA
"542",35,"5","G",12,"aphid","5_12_aphid_G_45","1185",-0.16094379124341
"543",35,"5","I",1,"aphid","5_1_aphid_I_2","1142",-0.16094379124341
"544",35,"5","I",6,"aphid","5_6_aphid_I_31","1171",-0.16094379124341
"545",35,"5","I",12,"aphid","5_12_aphid_I_50","1190",-0.16094379124341
"546",35,"5","J",1,"aphid","5_1_aphid_J_12","1152",-0.16094379124341
"547",35,"5","J",6,"aphid","5_6_aphid_J_26","1166",-0.16094379124341
"548",35,"5","J",12,"aphid","5_12_aphid_J_48","1188",-0.16094379124341
"549",35,"5","L",1,"aphid","5_1_aphid_L_16","1156",-0.16094379124341
"550",35,"5","L",6,"aphid","5_6_aphid_L_29","1169",-0.16094379124341
"551",35,"5","S",1,"aphid","5_1_aphid_S_15","1155",-0.16094379124341
"552",35,"5","S",6,"aphid","5_6_aphid_S_32","1172",-0.16094379124341
"553",35,"5","T",1,"aphid","5_1_aphid_T_11","1151",-0.16094379124341
"554",35,"5","T",6,"aphid","5_6_aphid_T_34","1174",-0.16094379124341
"555",35,"5","T",12,"aphid","5_12_aphid_T_46","1186",-0.16094379124341
"556",35,"5","U",1,"aphid","5_1_aphid_U_9","1149",-0.16094379124341
"557",35,"5","U",6,"aphid","5_6_aphid_U_36","1176",-0.16094379124341
"558",35,"5","U",12,"aphid","5_12_aphid_U_56","1196",-0.16094379124341
"559",35,"5","W",1,"aphid","5_1_aphid_W_6","1146",-0.16094379124341
"560",35,"5","W",6,"aphid","5_6_aphid_W_22","1162",-0.16094379124341
"561",35,"5","W",12,"aphid","5_12_aphid_W_41","1181",-0.16094379124341
"562",35,"5","X",1,"aphid","5_1_aphid_X_1","1141",-0.16094379124341
"563",35,"5","X",6,"aphid","5_6_aphid_X_25","1165",-0.16094379124341
"564",35,"5","X",12,"aphid","5_12_aphid_X_42","1182",-0.16094379124341
"565",45,"1","F",1,"aphid","1_1_aphid_F_4","1204",-0.16094379124341
"566",45,"1","F",6,"aphid","1_6_aphid_F_26","1226",-0.16094379124341
"567",45,"1","F",12,"aphid","1_12_aphid_F_54","1254",-0.16094379124341
"568",45,"1","G",1,"aphid","1_1_aphid_G_1","1201",-0.16094379124341
"569",45,"1","G",6,"aphid","1_6_aphid_G_24","1224",-0.16094379124341
"570",45,"1","G",12,"aphid","1_12_aphid_G_42","1242",-0.16094379124341
"571",45,"1","I",1,"aphid","1_1_aphid_I_15","1215",-0.16094379124341
"572",45,"1","I",6,"aphid","1_6_aphid_I_36","1236",-0.16094379124341
"573",45,"1","I",12,"aphid","1_12_aphid_I_57","1257",-0.16094379124341
"574",45,"1","J",1,"aphid","1_1_aphid_J_6","1206",-0.16094379124341
"575",45,"1","J",6,"aphid","1_6_aphid_J_29","1229",-0.16094379124341
"576",45,"1","J",12,"aphid","1_12_aphid_J_46","1246",-0.16094379124341
"577",45,"1","L",1,"aphid","1_1_aphid_L_14","1214",-0.16094379124341
"578",45,"1","L",6,"aphid","1_6_aphid_L_35","1235",-0.16094379124341
"579",45,"1","L",12,"aphid","1_12_aphid_L_53","1253",-0.16094379124341
"580",45,"1","S",1,"aphid","1_1_aphid_S_13","1213",-0.16094379124341
"581",45,"1","S",6,"aphid","1_6_aphid_S_32","1232",-0.16094379124341
"582",45,"1","S",12,"aphid","1_12_aphid_S_51","1251",-0.16094379124341
"583",45,"1","T",1,"aphid","1_1_aphid_T_3","1203",-0.16094379124341
"584",45,"1","T",6,"aphid","1_6_aphid_T_23","1223",-0.16094379124341
"585",45,"1","T",12,"aphid","1_12_aphid_T_44","1244",-0.2484906649788
"586",45,"1","U",1,"aphid","1_1_aphid_U_17","1217",-0.16094379124341
"587",45,"1","U",6,"aphid","1_6_aphid_U_39","1239",-0.16094379124341
"588",45,"1","U",12,"aphid","1_12_aphid_U_56","1256",0.0182321556793954
"589",45,"1","W",1,"aphid","1_1_aphid_W_2","1202",-0.16094379124341
"590",45,"1","W",6,"aphid","1_6_aphid_W_21","1221",-0.446590811865458
"591",45,"1","W",12,"aphid","1_12_aphid_W_41","1241",-0.16094379124341
"592",45,"1","X",1,"aphid","1_1_aphid_X_7","1207",-0.16094379124341
"593",45,"1","X",6,"aphid","1_6_aphid_X_27","1227",-0.16094379124341
"594",45,"2","F",1,"aphid","2_1_aphid_F_10","1270",-0.16094379124341
"595",45,"2","G",6,"aphid","2_6_aphid_G_22","1282",-0.16094379124341
"596",45,"2","G",12,"aphid","2_12_aphid_G_43","1303",-0.16094379124341
"597",45,"2","I",1,"aphid","2_1_aphid_I_13","1273",-0.16094379124341
"598",45,"2","I",6,"aphid","2_6_aphid_I_31","1291",-0.16094379124341
"599",45,"2","I",12,"aphid","2_12_aphid_I_49","1309",-0.16094379124341
"600",45,"2","J",1,"aphid","2_1_aphid_J_11","1271",-0.16094379124341
"601",45,"2","J",6,"aphid","2_6_aphid_J_35","1295",-0.16094379124341
"602",45,"2","J",12,"aphid","2_12_aphid_J_53","1313",-0.16094379124341
"603",45,"2","L",1,"aphid","2_1_aphid_L_19","1279",-0.16094379124341
"604",45,"2","L",6,"aphid","2_6_aphid_L_39","1299",-0.16094379124341
"605",45,"2","L",12,"aphid","2_12_aphid_L_56","1316",-0.16094379124341
"606",45,"2","S",6,"aphid","2_6_aphid_S_29","1289",-0.16094379124341
"607",45,NA,NA,NA,NA,"2_12_aphid_S_47",NA,NA
"608",45,NA,NA,NA,NA,"2_1_aphid_T_7",NA,NA
"609",45,"2","T",6,"aphid","2_6_aphid_T_26","1286",-0.16094379124341
"610",45,"2","T",12,"aphid","2_12_aphid_T_44","1304",-0.16094379124341
"611",45,"2","U",1,"aphid","2_1_aphid_U_16","1276",-0.16094379124341
"612",45,"2","U",6,"aphid","2_6_aphid_U_34","1294",-0.16094379124341
"613",45,"2","U",12,"aphid","2_12_aphid_U_58","1318",-0.16094379124341
"614",45,"2","W",1,"aphid","2_1_aphid_W_1","1261",-0.16094379124341
"615",45,"2","W",6,"aphid","2_6_aphid_W_25","1285",-0.16094379124341
"616",45,"2","W",12,"aphid","2_12_aphid_W_51","1311",-0.16094379124341
"617",45,"2","X",1,"aphid","2_1_aphid_X_2","1262",-0.16094379124341
"618",45,"2","X",6,"aphid","2_6_aphid_X_21","1281",-0.336729582998647
"619",45,"2","X",12,"aphid","2_12_aphid_X_41","1301",-0.16094379124341
"620",45,"3","F",1,"aphid","3_1_aphid_F_13","1333",-0.16094379124341
"621",45,"3","F",6,"aphid","3_6_aphid_F_34","1354",-0.0916290731874155
"622",45,"3","F",12,"aphid","3_12_aphid_F_50","1370",-0.16094379124341
"623",45,"3","G",1,"aphid","3_1_aphid_G_5","1325",-0.179175946922806
"624",45,"3","G",6,"aphid","3_6_aphid_G_25","1345",-0.16094379124341
"625",45,"3","G",12,"aphid","3_12_aphid_G_44","1364",-0.16094379124341
"626",45,"3","I",1,"aphid","3_1_aphid_I_9","1329",-0.16094379124341
"627",45,"3","I",6,"aphid","3_6_aphid_I_29","1349",-0.16094379124341
"628",45,"3","I",12,"aphid","3_12_aphid_I_45","1365",-0.16094379124341
"629",45,"3","J",1,"aphid","3_1_aphid_J_10","1330",-0.16094379124341
"630",45,"3","J",6,"aphid","3_6_aphid_J_33","1353",-0.16094379124341
"631",45,NA,NA,NA,NA,"3_12_aphid_J_56",NA,NA
"632",45,"3","L",1,"aphid","3_1_aphid_L_19","1339",-0.16094379124341
"633",45,"3","L",6,"aphid","3_6_aphid_L_37","1357",-0.16094379124341
"634",45,"3","L",12,"aphid","3_12_aphid_L_59","1379",-0.16094379124341
"635",45,"3","S",1,"aphid","3_1_aphid_S_7","1327",-0.16094379124341
"636",45,NA,NA,NA,NA,"3_6_aphid_S_27",NA,NA
"637",45,"3","S",12,"aphid","3_12_aphid_S_43","1363",-0.16094379124341
"638",45,"3","T",1,"aphid","3_1_aphid_T_3","1323",-0.16094379124341
"639",45,"3","T",6,"aphid","3_6_aphid_T_23","1343",-0.16094379124341
"640",45,"3","T",12,"aphid","3_12_aphid_T_41","1361",NA
"641",45,"3","U",1,"aphid","3_1_aphid_U_15","1335",-0.16094379124341
"642",45,"3","U",6,"aphid","3_6_aphid_U_32","1352",-0.16094379124341
"643",45,"3","U",12,"aphid","3_12_aphid_U_51","1371",-0.16094379124341
"644",45,"3","W",1,"aphid","3_1_aphid_W_12","1332",-0.16094379124341
"645",45,"3","W",6,"aphid","3_6_aphid_W_31","1351",-0.16094379124341
"646",45,"3","W",12,"aphid","3_12_aphid_W_54","1374",-0.16094379124341
"647",45,"3","X",1,"aphid","3_1_aphid_X_1","1321",-0.16094379124341
"648",45,NA,NA,NA,NA,"3_6_aphid_X_21",NA,NA
"649",45,"3","X",12,"aphid","3_12_aphid_X_42","1362",-0.16094379124341
"650",45,"4","F",1,"aphid","4_1_aphid_F_9","1389",-0.16094379124341
"651",45,"4","F",6,"aphid","4_6_aphid_F_25","1405",-0.16094379124341
"652",45,"4","F",12,"aphid","4_12_aphid_F_45","1425",-0.16094379124341
"653",45,"4","G",1,"aphid","4_1_aphid_G_1","1381",-0.16094379124341
"654",45,NA,NA,NA,NA,"4_6_aphid_G_28",NA,NA
"655",45,"4","I",1,"aphid","4_1_aphid_I_4","1384",-0.16094379124341
"656",45,"4","I",6,"aphid","4_6_aphid_I_21","1401",-0.16094379124341
"657",45,"4","I",12,"aphid","4_12_aphid_I_41","1421",-0.16094379124341
"658",45,"4","J",1,"aphid","4_1_aphid_J_14","1394",-0.16094379124341
"659",45,"4","J",6,"aphid","4_6_aphid_J_37","1417",-0.16094379124341
"660",45,"4","J",12,"aphid","4_12_aphid_J_57","1437",-0.16094379124341
"661",45,"4","L",6,"aphid","4_6_aphid_L_33","1413",-0.16094379124341
"662",45,"4","L",12,"aphid","4_12_aphid_L_53","1433",-0.16094379124341
"663",45,NA,NA,NA,NA,"4_1_aphid_S_13",NA,NA
"664",45,"4","S",6,"aphid","4_6_aphid_S_39","1419",-0.16094379124341
"665",45,"4","S",12,"aphid","4_12_aphid_S_58","1438",-0.16094379124341
"666",45,"4","T",1,"aphid","4_1_aphid_T_7","1387",-0.00425596144187961
"667",45,"4","T",6,"aphid","4_6_aphid_T_32","1412",-0.16094379124341
"668",45,"4","T",12,"aphid","4_12_aphid_T_54","1434",-0.16094379124341
"669",45,"4","U",1,"aphid","4_1_aphid_U_12","1392",-0.16094379124341
"670",45,"4","U",6,"aphid","4_6_aphid_U_27","1407",-0.16094379124341
"671",45,"4","U",12,"aphid","4_12_aphid_U_49","1429",-0.16094379124341
"672",45,"4","W",1,"aphid","4_1_aphid_W_11","1391",-0.0292387963489193
"673",45,"4","W",6,"aphid","4_6_aphid_W_29","1409",-0.16094379124341
"674",45,"4","W",12,"aphid","4_12_aphid_W_46","1426",-0.16094379124341
"675",45,"4","X",1,"aphid","4_1_aphid_X_2","1382",-0.16094379124341
"676",45,"4","X",6,"aphid","4_6_aphid_X_23","1403",-0.16094379124341
"677",45,"4","X",12,"aphid","4_12_aphid_X_42","1422",-0.16094379124341
"678",45,"5","F",1,"aphid","5_1_aphid_F_4","1444",-0.16094379124341
"679",45,"5","F",6,"aphid","5_6_aphid_F_21","1461",-0.16094379124341
"680",45,"5","F",12,"aphid","5_12_aphid_F_47","1487",-0.179175946922806
"681",45,"5","G",1,"aphid","5_1_aphid_G_8","1448",-0.16094379124341
"682",45,NA,NA,NA,NA,"5_6_aphid_G_30",NA,NA
"683",45,"5","G",12,"aphid","5_12_aphid_G_45","1485",-0.16094379124341
"684",45,"5","I",1,"aphid","5_1_aphid_I_2","1442",-0.16094379124341
"685",45,"5","I",6,"aphid","5_6_aphid_I_31","1471",-0.16094379124341
"686",45,"5","I",12,"aphid","5_12_aphid_I_50","1490",-0.16094379124341
"687",45,"5","J",1,"aphid","5_1_aphid_J_12","1452",-0.16094379124341
"688",45,"5","J",6,"aphid","5_6_aphid_J_26","1466",-0.16094379124341
"689",45,"5","J",12,"aphid","5_12_aphid_J_48","1488",-0.16094379124341
"690",45,"5","L",1,"aphid","5_1_aphid_L_16","1456",-0.16094379124341
"691",45,"5","L",6,"aphid","5_6_aphid_L_29","1469",-0.16094379124341
"692",45,"5","S",1,"aphid","5_1_aphid_S_15","1455",-0.16094379124341
"693",45,"5","S",6,"aphid","5_6_aphid_S_32","1472",-0.16094379124341
"694",45,"5","T",1,"aphid","5_1_aphid_T_11","1451",-0.16094379124341
"695",45,"5","T",6,"aphid","5_6_aphid_T_34","1474",-0.16094379124341
"696",45,"5","T",12,"aphid","5_12_aphid_T_46","1486",-0.16094379124341
"697",45,"5","U",1,"aphid","5_1_aphid_U_9","1449",-0.16094379124341
"698",45,"5","U",6,"aphid","5_6_aphid_U_36","1476",-0.16094379124341
"699",45,"5","U",12,"aphid","5_12_aphid_U_56","1496",-0.16094379124341
"700",45,"5","W",1,"aphid","5_1_aphid_W_6","1446",-0.16094379124341
"701",45,"5","W",6,"aphid","5_6_aphid_W_22","1462",-0.16094379124341
"702",45,"5","W",12,"aphid","5_12_aphid_W_41","1481",-0.16094379124341
"703",45,"5","X",1,"aphid","5_1_aphid_X_1","1441",-0.16094379124341
"704",45,"5","X",6,"aphid","5_6_aphid_X_25","1465",-0.16094379124341
"705",45,"5","X",12,"aphid","5_12_aphid_X_42","1482",-0.16094379124341
"706",51,"1","F",1,"aphid","1_1_aphid_F_4","1504",-0.26823965207235
"707",51,"1","F",6,"aphid","1_6_aphid_F_26","1526",-0.26823965207235
"708",51,"1","F",12,"aphid","1_12_aphid_F_54","1554",-0.26823965207235
"709",51,"1","G",1,"aphid","1_1_aphid_G_1","1501",-0.26823965207235
"710",51,"1","G",6,"aphid","1_6_aphid_G_24","1524",-0.26823965207235
"711",51,"1","G",12,"aphid","1_12_aphid_G_42","1542",-0.26823965207235
"712",51,"1","I",1,"aphid","1_1_aphid_I_15","1515",-0.26823965207235
"713",51,"1","I",6,"aphid","1_6_aphid_I_36","1536",-0.26823965207235
"714",51,"1","I",12,"aphid","1_12_aphid_I_57","1557",-0.26823965207235
"715",51,"1","J",1,"aphid","1_1_aphid_J_6","1506",-0.26823965207235
"716",51,"1","J",6,"aphid","1_6_aphid_J_29","1529",-0.26823965207235
"717",51,"1","J",12,"aphid","1_12_aphid_J_46","1546",-0.26823965207235
"718",51,"1","L",1,"aphid","1_1_aphid_L_14","1514",-0.26823965207235
"719",51,"1","L",6,"aphid","1_6_aphid_L_35","1535",-0.26823965207235
"720",51,"1","L",12,"aphid","1_12_aphid_L_53","1553",-0.26823965207235
"721",51,"1","S",1,"aphid","1_1_aphid_S_13","1513",-0.26823965207235
"722",51,"1","S",6,"aphid","1_6_aphid_S_32","1532",-0.26823965207235
"723",51,"1","S",12,"aphid","1_12_aphid_S_51","1551",-0.26823965207235
"724",51,"1","T",1,"aphid","1_1_aphid_T_3","1503",-0.26823965207235
"725",51,"1","T",6,"aphid","1_6_aphid_T_23","1523",-0.26823965207235
"726",51,"1","T",12,"aphid","1_12_aphid_T_44","1544",-0.26823965207235
"727",51,"1","U",1,"aphid","1_1_aphid_U_17","1517",-0.26823965207235
"728",51,"1","U",6,"aphid","1_6_aphid_U_39","1539",-0.26823965207235
"729",51,"1","U",12,"aphid","1_12_aphid_U_56","1556",0.107771194154175
"730",51,"1","W",1,"aphid","1_1_aphid_W_2","1502",-0.26823965207235
"731",51,"1","W",6,"aphid","1_6_aphid_W_21","1521",-0.26823965207235
"732",51,"1","W",12,"aphid","1_12_aphid_W_41","1541",-0.26823965207235
"733",51,"1","X",1,"aphid","1_1_aphid_X_7","1507",-0.26823965207235
"734",51,"1","X",6,"aphid","1_6_aphid_X_27","1527",-0.26823965207235
"735",51,"2","F",1,"aphid","2_1_aphid_F_10","1570",-0.26823965207235
"736",51,"2","G",6,"aphid","2_6_aphid_G_22","1582",-0.26823965207235
"737",51,"2","G",12,"aphid","2_12_aphid_G_43","1603",-0.26823965207235
"738",51,"2","I",1,"aphid","2_1_aphid_I_13","1573",-0.26823965207235
"739",51,"2","I",6,"aphid","2_6_aphid_I_31","1591",-0.26823965207235
"740",51,"2","I",12,"aphid","2_12_aphid_I_49","1609",-0.26823965207235
"741",51,"2","J",1,"aphid","2_1_aphid_J_11","1571",-0.26823965207235
"742",51,"2","J",6,"aphid","2_6_aphid_J_35","1595",-0.26823965207235
"743",51,"2","J",12,"aphid","2_12_aphid_J_53","1613",-0.26823965207235
"744",51,"2","L",1,"aphid","2_1_aphid_L_19","1579",-0.26823965207235
"745",51,"2","L",6,"aphid","2_6_aphid_L_39","1599",-0.26823965207235
"746",51,"2","L",12,"aphid","2_12_aphid_L_56","1616",-0.26823965207235
"747",51,"2","S",6,"aphid","2_6_aphid_S_29","1589",-0.26823965207235
"748",51,NA,NA,NA,NA,"2_12_aphid_S_47",NA,NA
"749",51,"2","T",1,"aphid","2_1_aphid_T_7","1567",NA
"750",51,"2","T",6,"aphid","2_6_aphid_T_26","1586",-0.26823965207235
"751",51,"2","T",12,"aphid","2_12_aphid_T_44","1604",-0.26823965207235
"752",51,"2","U",1,"aphid","2_1_aphid_U_16","1576",-0.26823965207235
"753",51,"2","U",6,"aphid","2_6_aphid_U_34","1594",-0.26823965207235
"754",51,"2","U",12,"aphid","2_12_aphid_U_58","1618",-0.26823965207235
"755",51,"2","W",1,"aphid","2_1_aphid_W_1","1561",-0.26823965207235
"756",51,"2","W",6,"aphid","2_6_aphid_W_25","1585",-0.26823965207235
"757",51,"2","W",12,"aphid","2_12_aphid_W_51","1611",-0.26823965207235
"758",51,"2","X",1,"aphid","2_1_aphid_X_2","1562",-0.26823965207235
"759",51,"2","X",6,"aphid","2_6_aphid_X_21","1581",-0.26823965207235
"760",51,"2","X",12,"aphid","2_12_aphid_X_41","1601",-0.26823965207235
"761",51,"3","F",1,"aphid","3_1_aphid_F_13","1633",-0.26823965207235
"762",51,"3","F",6,"aphid","3_6_aphid_F_34","1654",-0.26823965207235
"763",51,"3","F",12,"aphid","3_12_aphid_F_50","1670",-0.26823965207235
"764",51,"3","G",1,"aphid","3_1_aphid_G_5","1625",-0.26823965207235
"765",51,"3","G",6,"aphid","3_6_aphid_G_25","1645",-0.26823965207235
"766",51,"3","G",12,"aphid","3_12_aphid_G_44","1664",-0.26823965207235
"767",51,"3","I",1,"aphid","3_1_aphid_I_9","1629",-0.26823965207235
"768",51,"3","I",6,"aphid","3_6_aphid_I_29","1649",-0.26823965207235
"769",51,"3","I",12,"aphid","3_12_aphid_I_45","1665",-0.26823965207235
"770",51,"3","J",1,"aphid","3_1_aphid_J_10","1630",-0.26823965207235
"771",51,"3","J",6,"aphid","3_6_aphid_J_33","1653",-0.26823965207235
"772",51,NA,NA,NA,NA,"3_12_aphid_J_56",NA,NA
"773",51,"3","L",1,"aphid","3_1_aphid_L_19","1639",-0.26823965207235
"774",51,"3","L",6,"aphid","3_6_aphid_L_37","1657",-0.26823965207235
"775",51,"3","L",12,"aphid","3_12_aphid_L_59","1679",-0.26823965207235
"776",51,"3","S",1,"aphid","3_1_aphid_S_7","1627",-0.26823965207235
"777",51,NA,NA,NA,NA,"3_6_aphid_S_27",NA,NA
"778",51,"3","S",12,"aphid","3_12_aphid_S_43","1663",-0.26823965207235
"779",51,"3","T",1,"aphid","3_1_aphid_T_3","1623",-0.26823965207235
"780",51,"3","T",6,"aphid","3_6_aphid_T_23","1643",-0.26823965207235
"781",51,"3","T",12,"aphid","3_12_aphid_T_41","1661",NA
"782",51,"3","U",1,"aphid","3_1_aphid_U_15","1635",-0.26823965207235
"783",51,"3","U",6,"aphid","3_6_aphid_U_32","1652",-0.26823965207235
"784",51,"3","U",12,"aphid","3_12_aphid_U_51","1671",-0.26823965207235
"785",51,"3","W",1,"aphid","3_1_aphid_W_12","1632",-0.26823965207235
"786",51,"3","W",6,"aphid","3_6_aphid_W_31","1651",-0.26823965207235
"787",51,"3","W",12,"aphid","3_12_aphid_W_54","1674",-0.26823965207235
"788",51,"3","X",1,"aphid","3_1_aphid_X_1","1621",-0.26823965207235
"789",51,NA,NA,NA,NA,"3_6_aphid_X_21",NA,NA
"790",51,"3","X",12,"aphid","3_12_aphid_X_42","1662",-0.26823965207235
"791",51,"4","F",1,"aphid","4_1_aphid_F_9","1689",-0.26823965207235
"792",51,"4","F",6,"aphid","4_6_aphid_F_25","1705",-0.26823965207235
"793",51,"4","F",12,"aphid","4_12_aphid_F_45","1725",-0.26823965207235
"794",51,"4","G",1,"aphid","4_1_aphid_G_1","1681",-0.26823965207235
"795",51,NA,NA,NA,NA,"4_6_aphid_G_28",NA,NA
"796",51,"4","I",1,"aphid","4_1_aphid_I_4","1684",-0.26823965207235
"797",51,"4","I",6,"aphid","4_6_aphid_I_21","1701",-0.26823965207235
"798",51,"4","I",12,"aphid","4_12_aphid_I_41","1721",-0.26823965207235
"799",51,"4","J",1,"aphid","4_1_aphid_J_14","1694",-0.26823965207235
"800",51,"4","J",6,"aphid","4_6_aphid_J_37","1717",-0.26823965207235
"801",51,"4","J",12,"aphid","4_12_aphid_J_57","1737",-0.26823965207235
"802",51,"4","L",6,"aphid","4_6_aphid_L_33","1713",-0.26823965207235
"803",51,"4","L",12,"aphid","4_12_aphid_L_53","1733",-0.26823965207235
"804",51,NA,NA,NA,NA,"4_1_aphid_S_13",NA,NA
"805",51,"4","S",6,"aphid","4_6_aphid_S_39","1719",-0.26823965207235
"806",51,"4","S",12,"aphid","4_12_aphid_S_58","1738",-0.26823965207235
"807",51,"4","T",1,"aphid","4_1_aphid_T_7","1687",-0.515173742226386
"808",51,"4","T",6,"aphid","4_6_aphid_T_32","1712",-0.26823965207235
"809",51,"4","T",12,"aphid","4_12_aphid_T_54","1734",-0.26823965207235
"810",51,"4","U",1,"aphid","4_1_aphid_U_12","1692",-0.26823965207235
"811",51,"4","U",6,"aphid","4_6_aphid_U_27","1707",-0.26823965207235
"812",51,"4","U",12,"aphid","4_12_aphid_U_49","1729",-0.26823965207235
"813",51,"4","W",1,"aphid","4_1_aphid_W_11","1691",-0.390300967691221
"814",51,"4","W",6,"aphid","4_6_aphid_W_29","1709",-0.26823965207235
"815",51,"4","W",12,"aphid","4_12_aphid_W_46","1726",-0.26823965207235
"816",51,"4","X",1,"aphid","4_1_aphid_X_2","1682",-0.26823965207235
"817",51,"4","X",6,"aphid","4_6_aphid_X_23","1703",-0.26823965207235
"818",51,"4","X",12,"aphid","4_12_aphid_X_42","1722",-0.26823965207235
"819",51,"5","F",1,"aphid","5_1_aphid_F_4","1744",-0.26823965207235
"820",51,"5","F",6,"aphid","5_6_aphid_F_21","1761",-0.26823965207235
"821",51,"5","F",12,"aphid","5_12_aphid_F_47","1787",-0.26823965207235
"822",51,"5","G",1,"aphid","5_1_aphid_G_8","1748",-0.26823965207235
"823",51,NA,NA,NA,NA,"5_6_aphid_G_30",NA,NA
"824",51,"5","G",12,"aphid","5_12_aphid_G_45","1785",-0.26823965207235
"825",51,"5","I",1,"aphid","5_1_aphid_I_2","1742",-0.26823965207235
"826",51,"5","I",6,"aphid","5_6_aphid_I_31","1771",-0.26823965207235
"827",51,"5","I",12,"aphid","5_12_aphid_I_50","1790",-0.26823965207235
"828",51,"5","J",1,"aphid","5_1_aphid_J_12","1752",-0.26823965207235
"829",51,"5","J",6,"aphid","5_6_aphid_J_26","1766",-0.26823965207235
"830",51,"5","J",12,"aphid","5_12_aphid_J_48","1788",-0.26823965207235
"831",51,"5","L",1,"aphid","5_1_aphid_L_16","1756",-0.26823965207235
"832",51,"5","L",6,"aphid","5_6_aphid_L_29","1769",-0.26823965207235
"833",51,"5","S",1,"aphid","5_1_aphid_S_15","1755",-0.26823965207235
"834",51,"5","S",6,"aphid","5_6_aphid_S_32","1772",-0.26823965207235
"835",51,"5","T",1,"aphid","5_1_aphid_T_11","1751",-0.26823965207235
"836",51,"5","T",6,"aphid","5_6_aphid_T_34","1774",-0.26823965207235
"837",51,"5","T",12,"aphid","5_12_aphid_T_46","1786",-0.26823965207235
"838",51,"5","U",1,"aphid","5_1_aphid_U_9","1749",-0.26823965207235
"839",51,"5","U",6,"aphid","5_6_aphid_U_36","1776",-0.26823965207235
"840",51,"5","U",12,"aphid","5_12_aphid_U_56","1796",-0.26823965207235
"841",51,"5","W",1,"aphid","5_1_aphid_W_6","1746",-0.26823965207235
"842",51,"5","W",6,"aphid","5_6_aphid_W_22","1762",-0.26823965207235
"843",51,"5","W",12,"aphid","5_12_aphid_W_41","1781",-0.26823965207235
"844",51,"5","X",1,"aphid","5_1_aphid_X_1","1741",-0.26823965207235
"845",51,"5","X",6,"aphid","5_6_aphid_X_25","1765",-0.26823965207235
"846",51,"5","X",12,"aphid","5_12_aphid_X_42","1782",-0.26823965207235
