"","Block","Genotype","Ant.mound.dist","Aphid.treatment","Plot_code","plant_ID","aphid_Aphis","aphid_Tuberolachnus","aphid_LG","psyllid","leafhopper","froghopper","spiders","sawfly_larva","ant_F_obscuripes","ant_black","syrphid_larva","gall_R_salicisbattatus","grasshopper","leaftier_Tortricid","LTF_Caloptilia","total.abund","total.rich","total.rarerich","Gracilliaridae_miner","Tortricidiae_leaftier","Cecidomyiidae_gall","Tenthredinidae_sawfly","Cicadellidae","Cercopidae","Psyllidae","Orthoptera","Aphididae","Syrphidae","Formica_ant","Spider"
"1","1","F",1,"aphid","1_1","1_1_aphid_F_4",0,0,0,0,0,0,1,0,0,0,0,0,0,0,2,3,2,0.666666666666667,2,0,0,0,0,0,0,0,0,0,0,1
"2","1","F",1,"none","1_1","1_1_none_F_5",0,0,0,0,0,0,1,0,0,0,0,0,0,1,2,4,3,0.833333333333333,2,1,0,0,0,0,0,0,0,0,0,1
"3","1","F",6,"aphid","1_6","1_6_aphid_F_26",51,0,0,0,0,0,0,0,2,0,0,0,0,0,1,1,1,NA,1,0,0,0,0,0,0,0,0,0,0,0
"4","1","F",6,"none","1_6","1_6_none_F_30",0,0,0,0,0,0,0,0,0,0,0,0,0,1,1,2,2,1,1,1,0,0,0,0,0,0,0,0,0,0
"5","1","F",12,"aphid","1_12","1_12_aphid_F_54",0,0,0,0,1,0,0,0,0,1,0,0,0,0,3,5,3,0.7,3,0,0,0,1,0,0,0,0,0,1,0
"6","1","F",12,"none","1_12","1_12_none_F_55",0,0,0,0,0,0,0,0,0,0,0,0,0,0,0,0,0,NA,0,0,0,0,0,0,0,0,0,0,0,0
"7","1","G",1,"aphid","1_1","1_1_aphid_G_1",4,0,0,0,0,0,0,0,0,0,0,0,0,0,0,0,0,NA,0,0,0,0,0,0,0,0,0,0,0,0
"8","1","G",1,"none","1_1","1_1_none_G_8",0,0,0,0,0,0,1,0,0,0,0,0,0,0,0,1,1,NA,0,0,0,0,0,0,0,0,0,0,0,1
"9","1","G",6,"aphid","1_6","1_6_aphid_G_24",0,0,0,0,0,0,1,0,0,0,0,0,0,0,0,1,1,NA,0,0,0,0,0,0,0,0,0,0,0,1
"10","1","G",6,"none","1_6","1_6_none_G_25",0,0,0,0,0,0,0,0,0,1,0,0,0,0,1,2,2,1,1,0,0,0,0,0,0,0,0,0,1,0
"11","1","G",12,"aphid","1_12","1_12_aphid_G_42",0,0,26,0,0,0,0,0,0,1,0,0,0,0,0,27,2,0.0740740740740755,0,0,0,0,0,0,0,0,26,0,1,0
"12","1","G",12,"none","1_12","1_12_none_G_43",0,0,1,0,0,0,1,0,0,0,0,0,0,0,0,2,2,1,0,0,0,0,0,0,0,0,1,0,0,1
"13","1","I",1,"aphid","1_1","1_1_aphid_I_15",42,0,0,0,0,0,2,0,0,4,0,0,0,0,0,6,2,0.533333333333333,0,0,0,0,0,0,0,0,0,0,4,2
"14","1","I",1,"none","1_1","1_1_none_I_18",0,0,0,0,1,0,1,0,0,0,0,0,0,1,0,3,3,1,0,1,0,0,1,0,0,0,0,0,0,1
"15","1","I",6,"aphid","1_6","1_6_aphid_I_36",46,0,0,0,0,0,1,0,2,0,0,0,0,0,0,1,1,NA,0,0,0,0,0,0,0,0,0,0,0,1
"16","1","I",6,"none","1_6","1_6_none_I_38",0,0,1,0,0,0,0,0,0,0,0,0,0,0,0,1,1,NA,0,0,0,0,0,0,0,0,1,0,0,0
"17","1","I",12,"aphid","1_12","1_12_aphid_I_57",0,0,3,0,0,0,0,0,0,0,0,0,0,0,0,3,1,0,0,0,0,0,0,0,0,0,3,0,0,0
"18","1","I",12,"none","1_12","1_12_none_I_58",0,0,5,0,0,0,0,0,0,0,0,0,0,0,0,5,1,0,0,0,0,0,0,0,0,0,5,0,0,0
"19","1","J",1,"aphid","1_1","1_1_aphid_J_6",1,0,3,0,0,0,2,0,0,0,0,0,0,0,0,5,2,0.6,0,0,0,0,0,0,0,0,3,0,0,2
"20","1","J",1,"none","1_1","1_1_none_J_9",0,0,0,0,0,0,0,0,0,1,0,0,0,0,2,3,2,0.666666666666667,2,0,0,0,0,0,0,0,0,0,1,0
"21","1","J",6,"aphid","1_6","1_6_aphid_J_29",69,0,0,0,0,0,0,0,2,0,0,0,0,0,0,0,0,NA,0,0,0,0,0,0,0,0,0,0,0,0
"22","1","J",6,"none","1_6","1_6_none_J_31",0,0,0,0,0,0,1,0,0,0,0,0,0,0,0,1,1,NA,0,0,0,0,0,0,0,0,0,0,0,1
"23","1","J",12,"aphid","1_12","1_12_aphid_J_46",6,0,13,0,0,0,1,0,0,0,0,0,0,1,2,17,4,0.419117647058823,2,1,0,0,0,0,0,0,13,0,0,1
"24","1","J",12,"none","1_12","1_12_none_J_47",0,0,0,0,0,0,1,0,0,0,0,0,0,0,1,2,2,1,1,0,0,0,0,0,0,0,0,0,0,1
"25","1","L",1,"aphid","1_1","1_1_aphid_L_14",25,0,1,0,0,1,1,0,0,3,0,0,0,0,0,6,4,0.799999999999999,0,0,0,0,0,1,0,0,1,0,3,1
"26","1","L",1,"none","1_1","1_1_none_L_19",0,0,0,0,0,0,1,1,0,0,0,0,0,0,0,2,2,1,0,0,0,1,0,0,0,0,0,0,0,1
"27","1","L",6,"aphid","1_6","1_6_aphid_L_35",1,0,0,0,0,0,1,0,0,0,0,0,0,0,0,1,1,NA,0,0,0,0,0,0,0,0,0,0,0,1
"28","1","L",6,"none","1_6","1_6_none_L_37",0,0,5,0,0,0,0,0,0,0,0,0,0,1,0,6,2,0.333333333333333,0,1,0,0,0,0,0,0,5,0,0,0
"29","1","L",12,"aphid","1_12","1_12_aphid_L_53",24,0,24,0,0,0,1,0,0,0,0,0,0,0,0,25,2,0.0799999999999987,0,0,0,0,0,0,0,0,24,0,0,1
"30","1","L",12,"none","1_12","1_12_none_L_60",0,0,1,0,0,0,1,0,0,0,0,0,0,0,0,2,2,1,0,0,0,0,0,0,0,0,1,0,0,1
"31","1","S",1,"aphid","1_1","1_1_aphid_S_13",0,0,0,0,0,0,0,0,0,1,0,0,0,0,4,5,2,0.4,4,0,0,0,0,0,0,0,0,0,1,0
"32","1","S",1,"none","1_1","1_1_none_S_16",0,0,0,0,0,0,0,0,0,0,0,0,0,0,0,0,0,NA,0,0,0,0,0,0,0,0,0,0,0,0
"33","1","S",6,"aphid","1_6","1_6_aphid_S_32",8,0,0,0,0,0,0,0,0,0,0,0,0,0,0,0,0,NA,0,0,0,0,0,0,0,0,0,0,0,0
"34","1","S",6,"none","1_6","1_6_none_S_33",0,0,0,0,0,0,0,0,0,0,0,0,0,0,0,0,0,NA,0,0,0,0,0,0,0,0,0,0,0,0
"35","1","S",12,"aphid","1_12","1_12_aphid_S_51",26,0,2,0,0,0,0,0,0,1,0,0,0,0,3,6,3,0.733333333333333,3,0,0,0,0,0,0,0,2,0,1,0
"36","1","S",12,"none","1_12","1_12_none_S_52",0,0,0,0,0,0,0,0,0,0,0,0,0,0,0,0,0,NA,0,0,0,0,0,0,0,0,0,0,0,0
"37","1","T",1,"aphid","1_1","1_1_aphid_T_3",47,0,2,0,1,0,1,0,0,1,0,0,0,0,0,5,4,0.899999999999999,0,0,0,0,1,0,0,0,2,0,1,1
"38","1","T",1,"none","1_1","1_1_none_T_10",0,0,4,0,0,0,1,0,0,0,0,0,0,1,0,6,3,0.6,0,1,0,0,0,0,0,0,4,0,0,1
"39","1","T",6,"aphid","1_6","1_6_aphid_T_23",23,0,14,0,0,0,0,0,0,1,0,0,0,0,0,15,2,0.133333333333336,0,0,0,0,0,0,0,0,14,0,1,0
"40","1","T",6,"none","1_6","1_6_none_T_28",0,0,0,0,0,0,0,0,0,0,0,0,0,0,0,0,0,NA,0,0,0,0,0,0,0,0,0,0,0,0
"41","1","T",12,"aphid","1_12","1_12_aphid_T_44",15,0,67,0,0,0,2,0,0,2,0,0,0,0,0,71,3,0.109456740442652,0,0,0,0,0,0,0,0,67,0,2,2
"42","1","T",12,"none","1_12","1_12_none_T_50",0,0,0,0,0,0,1,0,0,0,0,0,0,0,0,1,1,NA,0,0,0,0,0,0,0,0,0,0,0,1
"43","1","U",1,"aphid","1_1","1_1_aphid_U_17",0,0,0,0,0,0,0,0,0,0,0,0,0,0,0,0,0,NA,0,0,0,0,0,0,0,0,0,0,0,0
"44","1","U",1,"none","1_1","1_1_none_U_20",0,0,0,0,0,0,0,0,0,1,0,0,0,0,0,1,1,NA,0,0,0,0,0,0,0,0,0,0,1,0
"45","1","U",6,"aphid","1_6","1_6_aphid_U_39",0,0,0,0,0,0,0,0,0,0,0,0,0,0,0,0,0,NA,0,0,0,0,0,0,0,0,0,0,0,0
"46","1","U",6,"none","1_6","1_6_none_U_40",1,0,0,0,0,0,0,0,0,1,0,0,0,0,0,1,1,NA,0,0,0,0,0,0,0,0,0,0,1,0
"47","1","U",12,"aphid","1_12","1_12_aphid_U_56",20,0,0,0,0,0,2,0,0,1,0,0,0,0,0,3,2,0.666666666666667,0,0,0,0,0,0,0,0,0,0,1,2
"48","1","U",12,"none","1_12","1_12_none_U_59",0,0,3,0,0,0,0,0,0,0,0,0,0,0,0,3,1,0,0,0,0,0,0,0,0,0,3,0,0,0
"49","1","W",1,"aphid","1_1","1_1_aphid_W_2",0,0,2,0,0,0,1,0,0,0,0,0,0,1,3,7,4,0.80952380952381,3,1,0,0,0,0,0,0,2,0,0,1
"50","1","W",1,"none","1_1","1_1_none_W_11",0,0,0,0,1,0,0,0,0,0,0,0,0,1,2,4,3,0.833333333333333,2,1,0,0,1,0,0,0,0,0,0,0
"51","1","W",6,"aphid","1_6","1_6_aphid_W_21",87,0,41,0,0,0,0,0,0,7,1,0,0,0,0,49,3,0.284863945578233,0,0,0,0,0,0,0,0,41,1,7,0
"52","1","W",6,"none","1_6","1_6_none_W_22",0,0,10,0,0,0,0,0,0,0,0,0,0,0,0,10,1,0,0,0,0,0,0,0,0,0,10,0,0,0
"53","1","W",12,"aphid","1_12","1_12_aphid_W_41",40,0,24,0,1,0,1,0,0,0,0,0,0,0,0,26,3,0.150769230769227,0,0,0,0,1,0,0,0,24,0,0,1
"54","1","W",12,"none","1_12","1_12_none_W_45",0,0,1,1,0,0,0,0,0,1,0,0,0,0,0,3,3,1,0,0,0,0,0,0,1,0,1,0,1,0
"55","1","X",1,"aphid","1_1","1_1_aphid_X_7",0,0,1,0,0,0,0,0,1,3,0,0,0,0,0,4,2,0.5,0,0,0,0,0,0,0,0,1,0,3,0
"56","1","X",1,"none","1_1","1_1_none_X_12",0,0,1,0,0,0,1,0,0,0,0,0,0,1,1,4,4,1,1,1,0,0,0,0,0,0,1,0,0,1
"57","1","X",6,"aphid","1_6","1_6_aphid_X_27",48,0,0,0,0,0,0,0,1,0,0,0,0,0,1,1,1,NA,1,0,0,0,0,0,0,0,0,0,0,0
"58","1","X",6,"none","1_6","1_6_none_X_34",0,0,11,0,0,0,1,0,0,0,0,0,0,1,0,13,3,0.294871794871794,0,1,0,0,0,0,0,0,11,0,0,1
"59","1","X",12,"none","1_12","1_12_none_X_49",0,0,11,0,0,0,0,0,0,0,0,0,0,0,0,11,1,0,0,0,0,0,0,0,0,0,11,0,0,0
"60","2","F",1,"aphid","2_1","2_1_aphid_F_10",18,0,0,0,2,0,0,0,1,0,0,0,0,1,1,4,3,0.833333333333333,1,1,0,0,2,0,0,0,0,0,0,0
"61","2","F",1,"none","2_1","2_1_none_F_14",0,0,3,0,1,0,2,0,0,1,0,0,0,0,1,8,5,0.857142857142857,1,0,0,0,1,0,0,0,3,0,1,2
"62","2","F",6,"none","2_6","2_6_none_F_37",0,0,0,0,0,0,1,0,0,1,0,0,0,0,3,5,3,0.7,3,0,0,0,0,0,0,0,0,0,1,1
"63","2","G",1,"none","2_1","2_1_none_G_4",0,0,0,0,1,0,1,0,0,1,0,0,0,0,2,5,4,0.899999999999999,2,0,0,0,1,0,0,0,0,0,1,1
"64","2","G",6,"aphid","2_6","2_6_aphid_G_22",3,0,1,0,1,0,0,0,0,1,0,0,0,0,0,3,3,1,0,0,0,0,1,0,0,0,1,0,1,0
"65","2","G",6,"none","2_6","2_6_none_G_24",0,0,10,0,0,0,1,0,0,1,0,0,0,0,0,12,3,0.318181818181816,0,0,0,0,0,0,0,0,10,0,1,1
"66","2","G",12,"aphid","2_12","2_12_aphid_G_43",0,0,1,0,0,0,0,0,0,0,0,0,0,0,0,1,1,NA,0,0,0,0,0,0,0,0,1,0,0,0
"67","2","G",12,"none","2_12","2_12_none_G_46",0,0,0,0,0,0,1,0,0,0,0,0,0,0,1,2,2,1,1,0,0,0,0,0,0,0,0,0,0,1
"68","2","I",1,"aphid","2_1","2_1_aphid_I_13",11,0,0,0,0,0,1,0,2,0,0,0,0,0,0,1,1,NA,0,0,0,0,0,0,0,0,0,0,0,1
"69","2","I",1,"none","2_1","2_1_none_I_15",0,0,2,0,1,0,1,0,0,0,0,0,0,2,3,9,5,0.861111111111111,3,2,0,0,1,0,0,0,2,0,0,1
"70","2","I",6,"aphid","2_6","2_6_aphid_I_31",17,0,22,0,1,0,2,0,0,3,0,0,0,0,0,28,4,0.378306878306881,0,0,0,0,1,0,0,0,22,0,3,2
"71","2","I",6,"none","2_6","2_6_none_I_32",0,0,0,0,0,0,1,0,0,2,0,0,0,0,0,3,2,0.666666666666667,0,0,0,0,0,0,0,0,0,0,2,1
"72","2","I",12,"aphid","2_12","2_12_aphid_I_49",40,0,0,0,0,0,2,0,1,1,0,0,0,0,0,3,2,0.666666666666667,0,0,0,0,0,0,0,0,0,0,1,2
"73","2","I",12,"none","2_12","2_12_none_I_50",0,0,0,0,0,0,0,0,0,0,0,0,0,0,0,0,0,NA,0,0,0,0,0,0,0,0,0,0,0,0
"74","2","J",1,"aphid","2_1","2_1_aphid_J_11",0,0,0,0,0,0,1,0,1,2,0,0,0,0,1,4,3,0.833333333333333,1,0,0,0,0,0,0,0,0,0,2,1
"75","2","J",1,"none","2_1","2_1_none_J_17",0,0,2,0,0,0,2,0,0,0,0,0,0,0,0,4,2,0.666666666666667,0,0,0,0,0,0,0,0,2,0,0,2
"76","2","J",6,"aphid","2_6","2_6_aphid_J_35",43,0,7,0,2,0,0,0,2,1,0,0,0,0,0,10,3,0.511111111111111,0,0,0,0,2,0,0,0,7,0,1,0
"77","2","J",6,"none","2_6","2_6_none_J_36",0,0,0,0,1,0,1,0,0,0,0,0,0,0,0,2,2,1,0,0,0,0,1,0,0,0,0,0,0,1
"78","2","J",12,"aphid","2_12","2_12_aphid_J_53",0,0,25,0,1,0,1,0,0,0,0,0,0,0,0,27,3,0.145299145299148,0,0,0,0,1,0,0,0,25,0,0,1
"79","2","J",12,"none","2_12","2_12_none_J_54",0,0,0,0,1,0,1,0,0,0,0,0,0,0,2,4,3,0.833333333333333,2,0,0,0,1,0,0,0,0,0,0,1
"80","2","L",1,"aphid","2_1","2_1_aphid_L_19",0,0,0,0,0,0,1,0,0,0,0,0,0,0,0,1,1,NA,0,0,0,0,0,0,0,0,0,0,0,1
"81","2","L",1,"none","2_1","2_1_none_L_20",0,0,4,0,1,0,0,0,0,2,0,0,0,0,0,7,3,0.666666666666667,0,0,0,0,1,0,0,0,4,0,2,0
"82","2","L",6,"aphid","2_6","2_6_aphid_L_39",0,0,0,0,1,0,1,0,0,1,0,0,0,0,0,3,3,1,0,0,0,0,1,0,0,0,0,0,1,1
"83","2","L",6,"none","2_6","2_6_none_L_40",0,0,6,0,1,0,2,0,0,1,0,0,0,0,0,10,4,0.644444444444444,0,0,0,0,1,0,0,0,6,0,1,2
"84","2","L",12,"aphid","2_12","2_12_aphid_L_56",0,0,0,0,1,0,0,1,0,1,0,0,0,0,1,4,4,1,1,0,0,1,1,0,0,0,0,0,1,0
"85","2","L",12,"none","2_12","2_12_none_L_60",0,0,4,0,0,0,0,0,0,0,0,0,0,0,2,6,2,0.533333333333333,2,0,0,0,0,0,0,0,4,0,0,0
"86","2","S",1,"none","2_1","2_1_none_S_12",0,0,22,0,0,0,1,0,0,0,0,0,0,2,2,27,4,0.336182336182337,2,2,0,0,0,0,0,0,22,0,0,1
"87","2","S",6,"aphid","2_6","2_6_aphid_S_29",0,0,0,0,1,0,1,0,0,1,0,0,0,0,0,3,3,1,0,0,0,0,1,0,0,0,0,0,1,1
"88","2","S",6,"none","2_6","2_6_none_S_30",0,0,0,0,0,0,0,0,0,0,0,0,0,0,0,0,0,NA,0,0,0,0,0,0,0,0,0,0,0,0
"89","2","S",12,"aphid","2_12","2_12_aphid_S_47",0,0,0,0,0,0,0,0,0,0,0,0,0,0,0,0,0,NA,0,0,0,0,0,0,0,0,0,0,0,0
"90","2","S",12,"none","2_12","2_12_none_S_48",0,0,1,0,0,0,1,0,0,0,0,0,0,0,1,3,3,1,1,0,0,0,0,0,0,0,1,0,0,1
"91","2","T",1,"aphid","2_1","2_1_aphid_T_7",15,0,0,0,0,0,1,0,2,0,0,2,0,0,0,3,2,0.666666666666667,0,0,2,0,0,0,0,0,0,0,0,1
"92","2","T",1,"none","2_1","2_1_none_T_8",0,0,0,0,0,0,1,0,0,0,0,0,0,0,0,1,1,NA,0,0,0,0,0,0,0,0,0,0,0,1
"93","2","T",6,"aphid","2_6","2_6_aphid_T_26",0,0,0,0,0,0,1,0,0,0,0,0,0,0,0,1,1,NA,0,0,0,0,0,0,0,0,0,0,0,1
"94","2","T",6,"none","2_6","2_6_none_T_27",0,0,4,0,0,0,0,0,0,1,0,0,0,0,0,5,2,0.4,0,0,0,0,0,0,0,0,4,0,1,0
"95","2","T",12,"aphid","2_12","2_12_aphid_T_44",25,0,0,0,1,0,1,0,0,1,0,0,0,0,1,4,4,1,1,0,0,0,1,0,0,0,0,0,1,1
"96","2","T",12,"none","2_12","2_12_none_T_45",0,0,0,1,1,0,1,0,0,0,0,0,0,0,0,3,3,1,0,0,0,0,1,0,1,0,0,0,0,1
"97","2","U",1,"aphid","2_1","2_1_aphid_U_16",3,0,0,0,0,0,0,0,0,0,0,0,0,0,0,0,0,NA,0,0,0,0,0,0,0,0,0,0,0,0
"98","2","U",1,"none","2_1","2_1_none_U_18",0,0,0,0,0,0,0,0,0,0,0,0,0,0,0,0,0,NA,0,0,0,0,0,0,0,0,0,0,0,0
"99","2","U",6,"aphid","2_6","2_6_aphid_U_34",0,0,10,0,0,0,0,0,0,2,0,0,0,0,1,13,3,0.410256410256408,1,0,0,0,0,0,0,0,10,0,2,0
"100","2","U",6,"none","2_6","2_6_none_U_38",0,0,0,0,1,0,0,0,0,0,0,0,0,0,0,1,1,NA,0,0,0,0,1,0,0,0,0,0,0,0
"101","2","U",12,"aphid","2_12","2_12_aphid_U_58",0,0,9,0,0,0,1,0,0,0,0,0,0,0,0,10,2,0.2,0,0,0,0,0,0,0,0,9,0,0,1
"102","2","U",12,"none","2_12","2_12_none_U_59",0,0,0,0,0,0,1,0,0,0,1,0,0,0,0,2,2,1,0,0,0,0,0,0,0,0,0,1,0,1
"103","2","W",1,"aphid","2_1","2_1_aphid_W_1",6,0,0,0,1,0,1,0,2,0,0,0,0,1,0,3,3,1,0,1,0,0,1,0,0,0,0,0,0,1
"104","2","W",1,"none","2_1","2_1_none_W_6",0,0,5,0,0,0,2,0,0,1,0,0,0,1,3,12,5,0.787878787878785,3,1,0,0,0,0,0,0,5,0,1,2
"105","2","W",6,"aphid","2_6","2_6_aphid_W_25",0,0,3,0,0,0,1,0,0,2,0,0,0,1,2,9,5,0.861111111111111,2,1,0,0,0,0,0,0,3,0,2,1
"106","2","W",6,"none","2_6","2_6_none_W_28",0,0,2,0,1,0,1,0,0,0,0,0,0,0,0,4,3,0.833333333333333,0,0,0,0,1,0,0,0,2,0,0,1
"107","2","W",12,"aphid","2_12","2_12_aphid_W_51",19,0,10,0,1,0,1,0,0,2,0,0,0,0,0,14,4,0.494505494505491,0,0,0,0,1,0,0,0,10,0,2,1
"108","2","W",12,"none","2_12","2_12_none_W_52",0,0,19,0,1,0,2,0,0,2,0,0,0,1,2,27,6,0.504273504273506,2,1,0,0,1,0,0,0,19,0,2,2
"109","2","X",1,"aphid","2_1","2_1_aphid_X_2",2,0,0,0,1,0,0,0,0,0,0,0,0,1,0,2,2,1,0,1,0,0,1,0,0,0,0,0,0,0
"110","2","X",1,"none","2_1","2_1_none_X_5",0,0,0,0,0,0,1,0,0,0,0,0,0,0,0,1,1,NA,0,0,0,0,0,0,0,0,0,0,0,1
"111","2","X",6,"aphid","2_6","2_6_aphid_X_21",29,0,0,0,0,0,0,0,0,1,0,0,0,0,0,1,1,NA,0,0,0,0,0,0,0,0,0,0,1,0
"112","2","X",6,"none","2_6","2_6_none_X_23",0,0,4,0,0,0,1,0,0,0,0,0,0,1,0,6,3,0.6,0,1,0,0,0,0,0,0,4,0,0,1
"113","2","X",12,"aphid","2_12","2_12_aphid_X_41",5,0,0,0,1,0,1,0,0,0,0,0,0,0,1,3,3,1,1,0,0,0,1,0,0,0,0,0,0,1
"114","2","X",12,"none","2_12","2_12_none_X_42",0,0,1,0,1,0,1,0,0,0,0,0,0,0,0,3,3,1,0,0,0,0,1,0,0,0,1,0,0,1
"115","3","F",1,"aphid","3_1","3_1_aphid_F_13",35,0,0,0,0,0,0,0,1,0,0,0,0,0,0,0,0,NA,0,0,0,0,0,0,0,0,0,0,0,0
"116","3","F",1,"none","3_1","3_1_none_F_16",0,0,1,0,1,0,0,0,0,0,0,0,0,0,1,3,3,1,1,0,0,0,1,0,0,0,1,0,0,0
"117","3","F",6,"aphid","3_6","3_6_aphid_F_34",25,0,2,0,0,0,0,0,0,1,0,0,0,1,2,6,4,0.866666666666666,2,1,0,0,0,0,0,0,2,0,1,0
"118","3","F",6,"none","3_6","3_6_none_F_35",0,0,0,0,0,0,0,0,0,0,0,0,0,0,2,2,1,0,2,0,0,0,0,0,0,0,0,0,0,0
"119","3","F",12,"aphid","3_12","3_12_aphid_F_50",16,0,0,0,2,0,0,0,0,4,0,0,0,0,0,6,2,0.533333333333333,0,0,0,0,2,0,0,0,0,0,4,0
"120","3","F",12,"none","3_12","3_12_none_F_52",0,0,0,0,0,0,0,0,0,0,0,0,0,0,1,1,1,NA,1,0,0,0,0,0,0,0,0,0,0,0
"121","3","G",1,"aphid","3_1","3_1_aphid_G_5",6,7,0,0,0,0,0,0,0,0,0,0,0,0,0,7,1,0,0,0,0,0,0,0,0,0,7,0,0,0
"122","3","G",1,"none","3_1","3_1_none_G_6",0,46,0,0,0,0,0,0,2,0,0,0,0,0,0,46,1,0,0,0,0,0,0,0,0,0,46,0,0,0
"123","3","G",6,"aphid","3_6","3_6_aphid_G_25",0,0,11,0,1,0,0,0,0,0,0,0,0,1,2,15,4,0.466666666666672,2,1,0,0,1,0,0,0,11,0,0,0
"124","3","G",6,"none","3_6","3_6_none_G_26",0,0,0,0,0,0,0,0,0,0,0,0,0,0,1,1,1,NA,1,0,0,0,0,0,0,0,0,0,0,0
"125","3","G",12,"aphid","3_12","3_12_aphid_G_44",0,0,0,0,1,0,0,0,0,0,0,0,0,0,0,1,1,NA,0,0,0,0,1,0,0,0,0,0,0,0
"126","3","G",12,"none","3_12","3_12_none_G_47",0,0,0,0,0,0,1,0,0,0,0,0,0,0,0,1,1,NA,0,0,0,0,0,0,0,0,0,0,0,1
"127","3","I",1,"aphid","3_1","3_1_aphid_I_9",21,5,0,0,0,0,0,0,0,1,0,0,0,1,0,7,3,0.523809523809524,0,1,0,0,0,0,0,0,5,0,1,0
"128","3","I",1,"none","3_1","3_1_none_I_11",0,0,0,0,1,0,1,0,0,0,0,0,0,0,0,2,2,1,0,0,0,0,1,0,0,0,0,0,0,1
"129","3","I",6,"aphid","3_6","3_6_aphid_I_29",6,0,4,0,1,0,0,0,0,1,0,0,0,0,0,6,3,0.6,0,0,0,0,1,0,0,0,4,0,1,0
"130","3","I",6,"none","3_6","3_6_none_I_30",0,0,1,0,0,0,0,0,0,0,0,0,0,0,0,1,1,NA,0,0,0,0,0,0,0,0,1,0,0,0
"131","3","I",12,"aphid","3_12","3_12_aphid_I_45",4,0,8,0,0,0,0,0,0,1,0,0,0,0,0,9,2,0.222222222222222,0,0,0,0,0,0,0,0,8,0,1,0
"132","3","I",12,"none","3_12","3_12_none_I_48",0,0,1,0,0,0,0,0,0,1,0,0,0,0,0,2,2,1,0,0,0,0,0,0,0,0,1,0,1,0
"133","3","J",1,"aphid","3_1","3_1_aphid_J_10",0,18,0,0,0,0,0,0,1,0,0,0,0,0,0,18,1,0,0,0,0,0,0,0,0,0,18,0,0,0
"134","3","J",1,"none","3_1","3_1_none_J_18",0,0,0,0,0,0,0,0,0,0,0,0,0,0,0,0,0,NA,0,0,0,0,0,0,0,0,0,0,0,0
"135","3","J",6,"aphid","3_6","3_6_aphid_J_33",15,0,25,0,0,0,0,0,0,0,0,0,0,0,0,25,1,0,0,0,0,0,0,0,0,0,25,0,0,0
"136","3","J",6,"none","3_6","3_6_none_J_40",0,0,1,0,1,0,2,0,0,0,0,0,0,0,0,4,3,0.833333333333333,0,0,0,0,1,0,0,0,1,0,0,2
"137","3","J",12,"aphid","3_12","3_12_aphid_J_56",0,31,0,0,0,0,0,0,2,0,0,0,0,0,0,31,1,0,0,0,0,0,0,0,0,0,31,0,0,0
"138","3","J",12,"none","3_12","3_12_none_J_58",0,0,0,0,1,0,0,0,0,0,0,0,0,1,1,3,3,1,1,1,0,0,1,0,0,0,0,0,0,0
"139","3","L",1,"aphid","3_1","3_1_aphid_L_19",32,0,0,0,2,0,0,0,0,0,0,0,0,0,0,2,1,0,0,0,0,0,2,0,0,0,0,0,0,0
"140","3","L",1,"none","3_1","3_1_none_L_20",0,0,0,0,1,0,0,0,0,0,0,0,0,0,0,1,1,NA,0,0,0,0,1,0,0,0,0,0,0,0
"141","3","L",6,"aphid","3_6","3_6_aphid_L_37",0,0,0,0,1,0,0,0,0,1,0,0,0,0,0,2,2,1,0,0,0,0,1,0,0,0,0,0,1,0
"142","3","L",6,"none","3_6","3_6_none_L_39",0,0,0,0,3,0,1,0,0,1,0,0,0,0,0,5,3,0.7,0,0,0,0,3,0,0,0,0,0,1,1
"143","3","L",12,"aphid","3_12","3_12_aphid_L_59",0,0,0,0,2,0,1,0,0,0,0,0,0,0,0,3,2,0.666666666666667,0,0,0,0,2,0,0,0,0,0,0,1
"144","3","L",12,"none","3_12","3_12_none_L_60",0,0,0,0,1,0,0,0,0,0,0,0,0,0,1,2,2,1,1,0,0,0,1,0,0,0,0,0,0,0
"145","3","S",1,"aphid","3_1","3_1_aphid_S_7",26,0,1,0,0,0,0,0,0,0,0,0,0,0,0,1,1,NA,0,0,0,0,0,0,0,0,1,0,0,0
"146","3","S",1,"none","3_1","3_1_none_S_8",0,0,0,0,0,0,0,0,0,0,0,0,0,0,0,0,0,NA,0,0,0,0,0,0,0,0,0,0,0,0
"147","3","S",6,"aphid","3_6","3_6_aphid_S_27",0,0,0,0,0,0,0,0,0,0,0,0,0,0,0,0,0,NA,0,0,0,0,0,0,0,0,0,0,0,0
"148","3","S",6,"none","3_6","3_6_none_S_28",0,0,0,0,0,0,0,0,0,0,0,0,0,0,0,0,0,NA,0,0,0,0,0,0,0,0,0,0,0,0
"149","3","S",12,"aphid","3_12","3_12_aphid_S_43",16,0,0,0,0,0,0,0,0,0,0,0,0,1,1,2,2,1,1,1,0,0,0,0,0,0,0,0,0,0
"150","3","S",12,"none","3_12","3_12_none_S_53",0,0,0,0,0,0,1,0,0,0,0,0,0,0,0,1,1,NA,0,0,0,0,0,0,0,0,0,0,0,1
"151","3","T",1,"aphid","3_1","3_1_aphid_T_3",0,0,2,0,0,1,0,0,0,0,0,0,0,0,0,3,2,0.666666666666667,0,0,0,0,0,1,0,0,2,0,0,0
"152","3","T",1,"none","3_1","3_1_none_T_4",0,0,14,0,0,0,0,0,0,0,0,0,0,1,2,17,3,0.323529411764705,2,1,0,0,0,0,0,0,14,0,0,0
"153","3","T",6,"aphid","3_6","3_6_aphid_T_23",0,0,3,0,0,0,0,0,0,0,0,0,0,0,0,3,1,0,0,0,0,0,0,0,0,0,3,0,0,0
"154","3","T",6,"none","3_6","3_6_none_T_24",0,0,0,0,0,0,0,0,0,1,0,1,0,1,0,3,3,1,0,1,1,0,0,0,0,0,0,0,1,0
"155","3","T",12,"aphid","3_12","3_12_aphid_T_41",55,0,8,0,0,0,2,0,0,1,0,0,0,0,1,12,4,0.560606060606058,1,0,0,0,0,0,0,0,8,0,1,2
"156","3","T",12,"none","3_12","3_12_none_T_46",0,0,0,0,0,0,0,0,0,1,0,0,0,0,0,1,1,NA,0,0,0,0,0,0,0,0,0,0,1,0
"157","3","U",1,"aphid","3_1","3_1_aphid_U_15",31,0,0,0,0,0,0,0,0,1,0,0,0,0,0,1,1,NA,0,0,0,0,0,0,0,0,0,0,1,0
"158","3","U",1,"none","3_1","3_1_none_U_17",0,0,7,0,0,0,0,0,0,0,0,0,0,2,0,9,2,0.388888888888889,0,2,0,0,0,0,0,0,7,0,0,0
"159","3","U",6,"aphid","3_6","3_6_aphid_U_32",10,0,0,0,0,0,0,0,0,0,0,0,0,0,0,0,0,NA,0,0,0,0,0,0,0,0,0,0,0,0
"160","3","U",6,"none","3_6","3_6_none_U_36",0,0,31,0,0,0,0,0,0,1,0,0,0,0,0,32,2,0.0625,0,0,0,0,0,0,0,0,31,0,1,0
"161","3","U",12,"aphid","3_12","3_12_aphid_U_51",40,0,0,0,0,0,0,0,0,1,0,0,0,0,2,3,2,0.666666666666667,2,0,0,0,0,0,0,0,0,0,1,0
"162","3","U",12,"none","3_12","3_12_none_U_57",0,0,0,0,0,0,0,0,0,0,0,0,0,0,1,1,1,NA,1,0,0,0,0,0,0,0,0,0,0,0
"163","3","W",1,"aphid","3_1","3_1_aphid_W_12",1,0,0,0,1,0,1,0,0,0,0,0,0,5,3,10,4,0.711111111111111,3,5,0,0,1,0,0,0,0,0,0,1
"164","3","W",1,"none","3_1","3_1_none_W_14",0,0,2,0,0,0,0,0,0,0,0,0,0,3,2,7,3,0.761904761904762,2,3,0,0,0,0,0,0,2,0,0,0
"165","3","W",6,"aphid","3_6","3_6_aphid_W_31",0,0,21,0,0,0,0,0,0,1,0,0,0,0,1,23,3,0.169960474308295,1,0,0,0,0,0,0,0,21,0,1,0
"166","3","W",6,"none","3_6","3_6_none_W_38",0,0,2,0,0,1,1,0,0,2,0,0,0,0,1,7,5,0.904761904761906,1,0,0,0,0,1,0,0,2,0,2,1
"167","3","W",12,"aphid","3_12","3_12_aphid_W_54",64,0,0,0,1,0,1,0,0,2,0,0,0,0,3,7,4,0.80952380952381,3,0,0,0,1,0,0,0,0,0,2,1
"168","3","X",1,"aphid","3_1","3_1_aphid_X_1",69,0,0,0,1,0,0,0,1,1,0,0,0,0,0,2,2,1,0,0,0,0,1,0,0,0,0,0,1,0
"169","3","X",1,"none","3_1","3_1_none_X_2",0,0,0,0,0,0,0,0,0,0,0,0,0,0,0,0,0,NA,0,0,0,0,0,0,0,0,0,0,0,0
"170","3","X",6,"aphid","3_6","3_6_aphid_X_21",0,0,0,0,1,0,0,0,0,0,0,0,0,0,0,1,1,NA,0,0,0,0,1,0,0,0,0,0,0,0
"171","3","X",6,"none","3_6","3_6_none_X_22",0,0,0,0,2,0,0,0,0,0,0,0,0,0,2,4,2,0.666666666666667,2,0,0,0,2,0,0,0,0,0,0,0
"172","3","X",12,"aphid","3_12","3_12_aphid_X_42",3,0,0,0,1,0,0,0,0,0,0,0,0,0,0,1,1,NA,0,0,0,0,1,0,0,0,0,0,0,0
"173","3","X",12,"none","3_12","3_12_none_X_49",0,0,0,0,0,0,0,0,0,1,0,0,0,0,0,1,1,NA,0,0,0,0,0,0,0,0,0,0,1,0
"174","4","F",1,"aphid","4_1","4_1_aphid_F_9",53,0,0,0,0,0,0,0,0,2,0,0,0,0,1,3,2,0.666666666666667,1,0,0,0,0,0,0,0,0,0,2,0
"175","4","F",1,"none","4_1","4_1_none_F_10",0,0,14,0,0,0,0,0,0,1,0,0,0,0,0,15,2,0.133333333333336,0,0,0,0,0,0,0,0,14,0,1,0
"176","4","F",6,"aphid","4_6","4_6_aphid_F_25",0,0,0,0,0,0,0,0,0,1,0,0,0,0,0,1,1,NA,0,0,0,0,0,0,0,0,0,0,1,0
"177","4","F",6,"none","4_6","4_6_none_F_26",0,0,0,0,0,0,0,0,0,1,0,0,0,0,0,1,1,NA,0,0,0,0,0,0,0,0,0,0,1,0
"178","4","F",12,"aphid","4_12","4_12_aphid_F_45",2,0,0,0,0,0,1,0,0,0,0,0,0,2,1,4,3,0.833333333333333,1,2,0,0,0,0,0,0,0,0,0,1
"179","4","F",12,"none","4_12","4_12_none_F_47",0,0,0,0,1,0,1,0,0,0,0,0,0,0,0,2,2,1,0,0,0,0,1,0,0,0,0,0,0,1
"180","4","G",1,"aphid","4_1","4_1_aphid_G_1",0,0,0,0,0,0,0,0,0,0,0,0,0,0,0,0,0,NA,0,0,0,0,0,0,0,0,0,0,0,0
"181","4","G",1,"none","4_1","4_1_none_G_6",0,0,0,0,0,0,0,0,0,0,0,0,0,0,0,0,0,NA,0,0,0,0,0,0,0,0,0,0,0,0
"182","4","G",6,"aphid","4_6","4_6_aphid_G_28",0,0,0,0,0,0,0,0,0,0,0,0,0,0,0,0,0,NA,0,0,0,0,0,0,0,0,0,0,0,0
"183","4","G",6,"none","4_6","4_6_none_G_34",0,0,0,0,0,0,0,0,0,1,0,0,0,0,0,1,1,NA,0,0,0,0,0,0,0,0,0,0,1,0
"184","4","G",12,"none","4_12","4_12_none_G_52",0,0,0,0,1,0,0,0,0,0,0,0,0,0,0,1,1,NA,0,0,0,0,1,0,0,0,0,0,0,0
"185","4","I",1,"aphid","4_1","4_1_aphid_I_4",3,0,0,2,0,0,0,0,1,0,0,0,0,0,0,2,1,0,0,0,0,0,0,0,2,0,0,0,0,0
"186","4","I",1,"none","4_1","4_1_none_I_5",0,0,0,0,0,0,1,0,0,1,0,0,0,0,0,2,2,1,0,0,0,0,0,0,0,0,0,0,1,1
"187","4","I",6,"aphid","4_6","4_6_aphid_I_21",0,0,5,0,0,0,0,0,0,0,0,0,0,0,0,5,1,0,0,0,0,0,0,0,0,0,5,0,0,0
"188","4","I",6,"none","4_6","4_6_none_I_22",0,0,2,0,1,0,0,0,0,1,0,0,0,0,1,5,4,0.899999999999999,1,0,0,0,1,0,0,0,2,0,1,0
"189","4","I",12,"aphid","4_12","4_12_aphid_I_41",1,0,0,0,0,0,0,0,0,0,0,0,0,0,2,2,1,0,2,0,0,0,0,0,0,0,0,0,0,0
"190","4","J",1,"aphid","4_1","4_1_aphid_J_14",2,0,0,0,0,0,0,0,0,0,0,0,0,0,0,0,0,NA,0,0,0,0,0,0,0,0,0,0,0,0
"191","4","J",1,"none","4_1","4_1_none_J_16",0,0,0,0,0,0,0,0,0,0,0,0,0,0,0,0,0,NA,0,0,0,0,0,0,0,0,0,0,0,0
"192","4","J",6,"aphid","4_6","4_6_aphid_J_37",40,0,6,0,0,0,0,0,0,3,2,0,0,1,0,12,4,0.712121212121211,0,1,0,0,0,0,0,0,6,2,3,0
"193","4","J",6,"none","4_6","4_6_none_J_38",0,0,0,0,1,0,0,0,0,1,0,0,0,0,0,2,2,1,0,0,0,0,1,0,0,0,0,0,1,0
"194","4","J",12,"aphid","4_12","4_12_aphid_J_57",0,0,0,0,0,0,0,0,0,0,0,0,0,0,0,0,0,NA,0,0,0,0,0,0,0,0,0,0,0,0
"195","4","J",12,"none","4_12","4_12_none_J_59",0,0,0,0,2,0,1,0,0,0,0,0,0,0,0,3,2,0.666666666666667,0,0,0,0,2,0,0,0,0,0,0,1
"196","4","L",1,"none","4_1","4_1_none_L_19",0,0,0,0,0,1,0,0,0,0,0,0,0,0,0,1,1,NA,0,0,0,0,0,1,0,0,0,0,0,0
"197","4","L",6,"aphid","4_6","4_6_aphid_L_33",19,0,0,0,0,0,1,0,0,0,0,0,0,0,0,1,1,NA,0,0,0,0,0,0,0,0,0,0,0,1
"198","4","L",6,"none","4_6","4_6_none_L_36",0,0,0,0,1,0,0,0,0,0,0,0,0,0,0,1,1,NA,0,0,0,0,1,0,0,0,0,0,0,0
"199","4","L",12,"aphid","4_12","4_12_aphid_L_53",0,0,0,0,1,0,0,0,0,0,0,1,0,0,0,2,2,1,0,0,1,0,1,0,0,0,0,0,0,0
"200","4","L",12,"none","4_12","4_12_none_L_56",0,0,0,0,1,0,0,0,0,1,0,0,0,0,2,4,3,0.833333333333333,2,0,0,0,1,0,0,0,0,0,1,0
"201","4","S",1,"aphid","4_1","4_1_aphid_S_13",0,0,0,0,0,0,0,0,0,0,0,0,0,0,0,0,0,NA,0,0,0,0,0,0,0,0,0,0,0,0
"202","4","S",1,"none","4_1","4_1_none_S_20",0,0,6,0,2,0,0,0,0,0,0,0,0,0,2,10,3,0.622222222222222,2,0,0,0,2,0,0,0,6,0,0,0
"203","4","S",6,"aphid","4_6","4_6_aphid_S_39",15,0,0,0,2,2,0,0,0,2,0,0,1,1,0,8,5,0.892857142857143,0,1,0,0,2,2,0,1,0,0,2,0
"204","4","S",6,"none","4_6","4_6_none_S_40",0,0,0,0,0,0,0,0,0,0,0,0,0,0,0,0,0,NA,0,0,0,0,0,0,0,0,0,0,0,0
"205","4","S",12,"aphid","4_12","4_12_aphid_S_58",0,0,0,0,1,0,0,0,0,2,0,0,0,0,0,3,2,0.666666666666667,0,0,0,0,1,0,0,0,0,0,2,0
"206","4","S",12,"none","4_12","4_12_none_S_60",0,0,0,0,0,0,0,0,0,0,0,0,0,0,0,0,0,NA,0,0,0,0,0,0,0,0,0,0,0,0
"207","4","T",1,"aphid","4_1","4_1_aphid_T_7",37,0,0,0,0,0,0,0,1,2,0,0,0,0,0,2,1,0,0,0,0,0,0,0,0,0,0,0,2,0
"208","4","T",1,"none","4_1","4_1_none_T_8",0,0,2,0,0,0,1,0,0,0,0,0,0,0,0,3,2,0.666666666666667,0,0,0,0,0,0,0,0,2,0,0,1
"209","4","T",6,"aphid","4_6","4_6_aphid_T_32",0,0,2,0,1,0,0,0,0,1,0,1,0,0,3,8,5,0.857142857142857,3,0,1,0,1,0,0,0,2,0,1,0
"210","4","T",6,"none","4_6","4_6_none_T_35",0,0,5,0,0,0,0,0,0,0,0,0,0,0,1,6,2,0.333333333333333,1,0,0,0,0,0,0,0,5,0,0,0
"211","4","T",12,"aphid","4_12","4_12_aphid_T_54",0,0,0,0,1,0,0,0,0,1,0,0,0,0,0,2,2,1,0,0,0,0,1,0,0,0,0,0,1,0
"212","4","T",12,"none","4_12","4_12_none_T_55",0,0,9,0,1,0,0,0,0,2,0,0,0,0,0,12,3,0.439393939393938,0,0,0,0,1,0,0,0,9,0,2,0
"213","4","U",1,"aphid","4_1","4_1_aphid_U_12",33,0,0,0,0,0,0,0,0,1,0,0,0,0,0,1,1,NA,0,0,0,0,0,0,0,0,0,0,1,0
"214","4","U",1,"none","4_1","4_1_none_U_15",0,0,0,0,0,0,0,0,0,0,0,0,0,0,0,0,0,NA,0,0,0,0,0,0,0,0,0,0,0,0
"215","4","U",6,"aphid","4_6","4_6_aphid_U_27",34,0,1,0,0,0,1,0,0,1,0,0,0,1,1,5,5,0.999999999999999,1,1,0,0,0,0,0,0,1,0,1,1
"216","4","U",6,"none","4_6","4_6_none_U_31",0,0,28,0,0,0,0,0,0,0,0,0,0,0,0,28,1,0,0,0,0,0,0,0,0,0,28,0,0,0
"217","4","U",12,"aphid","4_12","4_12_aphid_U_49",40,0,0,0,1,0,0,0,0,1,0,0,0,0,0,2,2,1,0,0,0,0,1,0,0,0,0,0,1,0
"218","4","U",12,"none","4_12","4_12_none_U_50",0,0,0,0,0,0,0,0,0,0,0,1,0,0,0,1,1,NA,0,0,1,0,0,0,0,0,0,0,0,0
"219","4","W",1,"aphid","4_1","4_1_aphid_W_11",76,0,7,0,1,0,0,0,1,3,0,0,0,0,0,11,3,0.563636363636365,0,0,0,0,1,0,0,0,7,0,3,0
"220","4","W",1,"none","4_1","4_1_none_W_17",0,0,35,0,1,0,0,0,0,0,0,0,0,0,1,37,3,0.106606606606603,1,0,0,0,1,0,0,0,35,0,0,0
"221","4","W",6,"aphid","4_6","4_6_aphid_W_29",24,0,0,0,0,0,0,0,0,0,0,0,0,0,0,0,0,NA,0,0,0,0,0,0,0,0,0,0,0,0
"222","4","W",6,"none","4_6","4_6_none_W_30",0,0,1,0,1,0,0,0,0,1,0,0,0,1,0,4,4,1,0,1,0,0,1,0,0,0,1,0,1,0
"223","4","W",12,"aphid","4_12","4_12_aphid_W_46",10,0,0,0,2,0,0,0,0,1,0,0,0,0,0,3,2,0.666666666666667,0,0,0,0,2,0,0,0,0,0,1,0
"224","4","W",12,"none","4_12","4_12_none_W_48",0,0,0,0,0,0,1,0,0,0,0,0,0,1,0,2,2,1,0,1,0,0,0,0,0,0,0,0,0,1
"225","4","X",1,"aphid","4_1","4_1_aphid_X_2",12,0,0,0,0,0,0,0,0,0,0,0,0,1,0,1,1,NA,0,1,0,0,0,0,0,0,0,0,0,0
"226","4","X",1,"none","4_1","4_1_none_X_3",0,0,0,0,1,0,0,0,0,0,0,0,0,0,1,2,2,1,1,0,0,0,1,0,0,0,0,0,0,0
"227","4","X",6,"aphid","4_6","4_6_aphid_X_23",0,0,3,0,0,0,0,0,0,0,0,0,0,0,0,3,1,0,0,0,0,0,0,0,0,0,3,0,0,0
"228","4","X",6,"none","4_6","4_6_none_X_24",0,0,5,0,0,0,1,0,0,1,0,0,0,0,0,7,3,0.523809523809524,0,0,0,0,0,0,0,0,5,0,1,1
"229","4","X",12,"aphid","4_12","4_12_aphid_X_42",1,0,0,0,0,0,0,0,0,1,0,0,0,0,0,1,1,NA,0,0,0,0,0,0,0,0,0,0,1,0
"230","4","X",12,"none","4_12","4_12_none_X_43",0,0,0,0,0,0,0,0,0,0,0,0,0,0,0,0,0,NA,0,0,0,0,0,0,0,0,0,0,0,0
"231","5","F",1,"aphid","5_1","5_1_aphid_F_4",9,0,0,0,1,0,2,0,0,0,0,0,0,0,1,4,3,0.833333333333333,1,0,0,0,1,0,0,0,0,0,0,2
"232","5","F",1,"none","5_1","5_1_none_F_5",0,0,0,0,1,0,0,0,0,0,0,0,0,5,0,6,2,0.333333333333333,0,5,0,0,1,0,0,0,0,0,0,0
"233","5","F",6,"aphid","5_6","5_6_aphid_F_21",0,0,0,0,1,0,0,0,0,0,0,0,0,0,0,1,1,NA,0,0,0,0,1,0,0,0,0,0,0,0
"234","5","F",6,"none","5_6","5_6_none_F_24",0,0,7,0,0,0,0,0,0,2,0,0,0,0,2,11,3,0.581818181818183,2,0,0,0,0,0,0,0,7,0,2,0
"235","5","F",12,"aphid","5_12","5_12_aphid_F_47",31,0,0,0,0,0,1,0,0,1,0,0,0,0,3,5,3,0.7,3,0,0,0,0,0,0,0,0,0,1,1
"236","5","F",12,"none","5_12","5_12_none_F_60",0,0,0,0,1,0,0,0,0,1,0,0,0,0,0,2,2,1,0,0,0,0,1,0,0,0,0,0,1,0
"237","5","G",1,"aphid","5_1","5_1_aphid_G_8",0,0,0,0,0,0,0,0,0,0,0,0,0,0,0,0,0,NA,0,0,0,0,0,0,0,0,0,0,0,0
"238","5","G",1,"none","5_1","5_1_none_G_17",0,0,0,0,1,0,0,0,0,0,0,0,0,1,0,2,2,1,0,1,0,0,1,0,0,0,0,0,0,0
"239","5","G",6,"aphid","5_6","5_6_aphid_G_30",0,0,0,0,0,0,0,0,0,1,0,0,0,0,0,1,1,NA,0,0,0,0,0,0,0,0,0,0,1,0
"240","5","G",6,"none","5_6","5_6_none_G_35",0,0,0,0,0,0,0,0,0,0,0,0,0,0,0,0,0,NA,0,0,0,0,0,0,0,0,0,0,0,0
"241","5","G",12,"aphid","5_12","5_12_aphid_G_45",0,0,0,0,1,0,0,0,0,0,0,0,0,0,0,1,1,NA,0,0,0,0,1,0,0,0,0,0,0,0
"242","5","G",12,"none","5_12","5_12_none_G_54",0,0,0,0,0,0,0,0,0,0,0,0,0,0,0,0,0,NA,0,0,0,0,0,0,0,0,0,0,0,0
"243","5","I",1,"aphid","5_1","5_1_aphid_I_2",2,0,0,0,0,0,1,0,0,0,0,0,0,0,0,1,1,NA,0,0,0,0,0,0,0,0,0,0,0,1
"244","5","I",1,"none","5_1","5_1_none_I_3",0,0,0,0,0,0,0,0,0,0,0,0,0,0,0,0,0,NA,0,0,0,0,0,0,0,0,0,0,0,0
"245","5","I",6,"aphid","5_6","5_6_aphid_I_31",0,0,0,0,0,0,0,0,0,0,0,0,0,0,0,0,0,NA,0,0,0,0,0,0,0,0,0,0,0,0
"246","5","I",6,"none","5_6","5_6_none_I_39",0,0,1,0,0,0,0,0,0,1,0,0,0,0,0,2,2,1,0,0,0,0,0,0,0,0,1,0,1,0
"247","5","I",12,"aphid","5_12","5_12_aphid_I_50",0,0,0,0,1,0,0,0,0,1,0,0,0,0,0,2,2,1,0,0,0,0,1,0,0,0,0,0,1,0
"248","5","I",12,"none","5_12","5_12_none_I_51",0,0,0,0,0,1,0,0,0,1,0,0,0,0,4,6,3,0.6,4,0,0,0,0,1,0,0,0,0,1,0
"249","5","J",1,"aphid","5_1","5_1_aphid_J_12",0,0,0,0,0,0,1,0,0,0,0,0,0,0,0,1,1,NA,0,0,0,0,0,0,0,0,0,0,0,1
"250","5","J",1,"none","5_1","5_1_none_J_13",0,0,0,0,0,0,0,0,0,0,0,0,0,0,0,0,0,NA,0,0,0,0,0,0,0,0,0,0,0,0
"251","5","J",6,"aphid","5_6","5_6_aphid_J_26",0,0,1,0,1,0,0,0,0,0,0,0,0,1,0,3,3,1,0,1,0,0,1,0,0,0,1,0,0,0
"252","5","J",6,"none","5_6","5_6_none_J_27",0,0,0,0,0,0,0,0,0,0,0,0,0,1,0,1,1,NA,0,1,0,0,0,0,0,0,0,0,0,0
"253","5","J",12,"aphid","5_12","5_12_aphid_J_48",0,0,0,0,0,0,0,0,0,2,0,0,0,0,4,6,2,0.533333333333333,4,0,0,0,0,0,0,0,0,0,2,0
"254","5","J",12,"none","5_12","5_12_none_J_49",0,0,0,0,0,0,1,0,0,1,0,0,0,0,2,4,3,0.833333333333333,2,0,0,0,0,0,0,0,0,0,1,1
"255","5","L",1,"aphid","5_1","5_1_aphid_L_16",0,0,0,0,1,0,1,0,0,0,0,0,0,1,0,3,3,1,0,1,0,0,1,0,0,0,0,0,0,1
"256","5","L",1,"none","5_1","5_1_none_L_18",0,0,0,0,1,0,0,0,0,0,0,0,0,0,0,1,1,NA,0,0,0,0,1,0,0,0,0,0,0,0
"257","5","L",6,"aphid","5_6","5_6_aphid_L_29",26,0,0,0,0,1,0,0,0,1,0,0,0,1,0,3,3,1,0,1,0,0,0,1,0,0,0,0,1,0
"258","5","L",6,"none","5_6","5_6_none_L_40",0,0,0,0,2,2,0,0,0,1,0,0,0,0,1,6,4,0.866666666666666,1,0,0,0,2,2,0,0,0,0,1,0
"259","5","L",12,"none","5_12","5_12_none_L_59",0,0,2,0,0,0,0,0,0,0,0,0,0,0,2,4,2,0.666666666666667,2,0,0,0,0,0,0,0,2,0,0,0
"260","5","S",1,"aphid","5_1","5_1_aphid_S_15",0,0,0,0,1,0,0,0,0,1,0,0,0,0,2,4,3,0.833333333333333,2,0,0,0,1,0,0,0,0,0,1,0
"261","5","S",6,"aphid","5_6","5_6_aphid_S_32",0,1,0,0,3,0,1,0,2,1,0,0,0,1,1,8,6,0.892857142857142,1,1,0,0,3,0,0,0,1,0,1,1
"262","5","S",12,"none","5_12","5_12_none_S_58",0,0,1,0,0,0,0,0,0,2,0,0,0,0,4,7,3,0.666666666666667,4,0,0,0,0,0,0,0,1,0,2,0
"263","5","T",1,"aphid","5_1","5_1_aphid_T_11",7,0,5,0,1,0,1,0,0,0,0,0,0,0,0,7,3,0.523809523809524,0,0,0,0,1,0,0,0,5,0,0,1
"264","5","T",1,"none","5_1","5_1_none_T_19",0,0,4,0,0,0,0,0,0,0,0,0,0,1,0,5,2,0.4,0,1,0,0,0,0,0,0,4,0,0,0
"265","5","T",6,"aphid","5_6","5_6_aphid_T_34",0,0,12,0,0,0,2,0,0,1,0,2,0,0,0,17,4,0.499999999999997,0,0,2,0,0,0,0,0,12,0,1,2
"266","5","T",6,"none","5_6","5_6_none_T_37",0,0,0,0,1,0,0,0,0,0,0,0,0,0,0,1,1,NA,0,0,0,0,1,0,0,0,0,0,0,0
"267","5","T",12,"aphid","5_12","5_12_aphid_T_46",0,0,0,0,1,0,1,0,0,1,0,0,0,0,5,8,4,0.642857142857143,5,0,0,0,1,0,0,0,0,0,1,1
"268","5","T",12,"none","5_12","5_12_none_T_52",0,0,0,0,2,0,1,0,0,0,0,0,0,0,2,5,3,0.8,2,0,0,0,2,0,0,0,0,0,0,1
"269","5","U",1,"aphid","5_1","5_1_aphid_U_9",0,0,0,0,0,0,0,0,0,0,0,0,0,0,1,1,1,NA,1,0,0,0,0,0,0,0,0,0,0,0
"270","5","U",6,"aphid","5_6","5_6_aphid_U_36",10,0,0,0,0,0,0,0,0,2,0,0,0,0,0,2,1,0,0,0,0,0,0,0,0,0,0,0,2,0
"271","5","U",6,"none","5_6","5_6_none_U_38",0,0,0,0,0,0,0,0,0,1,0,0,0,1,0,2,2,1,0,1,0,0,0,0,0,0,0,0,1,0
"272","5","U",12,"aphid","5_12","5_12_aphid_U_56",0,0,0,0,1,0,0,0,0,0,0,0,0,1,0,2,2,1,0,1,0,0,1,0,0,0,0,0,0,0
"273","5","U",12,"none","5_12","5_12_none_U_57",0,0,0,0,1,0,0,0,0,1,0,0,0,0,0,2,2,1,0,0,0,0,1,0,0,0,0,0,1,0
"274","5","W",1,"aphid","5_1","5_1_aphid_W_6",1,0,3,0,1,0,0,0,0,2,0,0,0,0,0,6,3,0.733333333333333,0,0,0,0,1,0,0,0,3,0,2,0
"275","5","W",1,"none","5_1","5_1_none_W_7",0,0,1,0,0,0,0,0,0,0,0,0,0,0,0,1,1,NA,0,0,0,0,0,0,0,0,1,0,0,0
"276","5","W",6,"aphid","5_6","5_6_aphid_W_22",35,0,0,1,1,0,0,0,1,0,0,0,0,0,0,2,2,1,0,0,0,0,1,0,1,0,0,0,0,0
"277","5","W",6,"none","5_6","5_6_none_W_23",0,0,10,0,0,1,0,0,0,1,0,0,0,0,1,13,4,0.423076923076922,1,0,0,0,0,1,0,0,10,0,1,0
"278","5","W",12,"aphid","5_12","5_12_aphid_W_41",74,0,0,0,1,0,0,0,3,2,0,0,0,1,2,6,4,0.866666666666666,2,1,0,0,1,0,0,0,0,0,2,0
"279","5","W",12,"none","5_12","5_12_none_W_43",0,0,0,0,0,0,1,0,0,1,0,0,0,0,1,3,3,1,1,0,0,0,0,0,0,0,0,0,1,1
"280","5","X",1,"aphid","5_1","5_1_aphid_X_1",0,0,2,0,1,0,0,0,0,0,0,0,0,0,0,3,2,0.666666666666667,0,0,0,0,1,0,0,0,2,0,0,0
"281","5","X",1,"none","5_1","5_1_none_X_10",0,0,0,0,0,0,1,0,0,0,0,0,0,0,0,1,1,NA,0,0,0,0,0,0,0,0,0,0,0,1
"282","5","X",6,"aphid","5_6","5_6_aphid_X_25",0,0,0,0,0,0,0,0,0,0,0,0,0,0,0,0,0,NA,0,0,0,0,0,0,0,0,0,0,0,0
"283","5","X",6,"none","5_6","5_6_none_X_28",0,0,0,0,0,1,0,0,0,0,0,0,0,0,2,3,2,0.666666666666667,2,0,0,0,0,1,0,0,0,0,0,0
"284","5","X",12,"aphid","5_12","5_12_aphid_X_42",0,0,0,0,0,0,0,0,0,2,0,0,0,0,2,4,2,0.666666666666667,2,0,0,0,0,0,0,0,0,0,2,0
